Date,Open,High,Low,Close,Volume,ticker
2021-05-10,3625.90587981468,3676.736336073765,3625.90587981468,3642.849365234375,25429700,ASII.JK
2021-05-11,3659.793127616627,3676.736614318556,3507.3017472992674,3541.188720703125,49162600,ASII.JK
2021-05-17,3592.019191576087,3608.962678328804,3473.414784307065,3507.3017578125,47623100,ASII.JK
2021-05-18,3490.3583984375005,3524.245373179612,3456.4714236953887,3490.3583984375,45784300,ASII.JK
2021-05-19,3456.470954517327,3473.41443958849,3405.640499303837,3422.583984375,47008800,ASII.JK
2021-05-20,3422.584324048913,3524.245244565217,3405.6408372961955,3507.3017578125,49746900,ASII.JK
2021-05-21,3507.301409730817,3541.188379873144,3422.583984375,3422.583984375,43416900,ASII.JK
2021-05-24,3456.47119140625,3490.358163871017,3405.640732709099,3456.47119140625,33540000,ASII.JK
2021-05-25,3456.471318888546,3490.35829260314,3422.584345173953,3439.52783203125,45393500,ASII.JK
2021-05-27,3456.4714236953887,3541.188860550668,3439.5279363243326,3490.3583984375,99709500,ASII.JK
2021-05-28,3507.301885808556,3541.188860550668,3473.4149110664443,3490.3583984375,24346700,ASII.JK
2021-05-31,3507.3016217912946,3592.019052269345,3490.3581356956847,3558.132080078125,41498000,ASII.JK
2021-06-02,3625.9063783744127,3625.9063783744127,3575.0759151261736,3608.962890625,43217400,ASII.JK
2021-06-03,3625.906005859375,3625.906005859375,3575.075547833309,3625.906005859375,49012700,ASII.JK
2021-06-04,3608.96266751084,3625.906154212769,3524.2452340011964,3541.188720703125,35211100,ASII.JK
2021-06-07,3541.1885939825147,3592.019052269345,3524.245107886905,3558.132080078125,31693200,ASII.JK
2021-06-08,3592.018924948164,3608.962410443202,3524.244982968009,3575.075439453125,35402300,ASII.JK
2021-06-09,3575.0759151261736,3625.9063783744127,3541.188939627348,3608.962890625,24331300,ASII.JK
2021-06-10,3659.793212890625,3676.7366999873407,3608.9627516004775,3659.793212890625,42924200,ASII.JK
2021-06-11,3659.792866928317,3676.736352423356,3558.1319539580863,3575.075439453125,44421700,ASII.JK
2021-06-14,3625.9061650815215,3625.9061650815215,3490.3582710597825,3507.3017578125,40699500,ASII.JK
2021-06-15,3507.301885808556,3524.245373179612,3473.4149110664443,3490.3583984375,35915800,ASII.JK
2021-06-16,3524.245373179612,3524.245373179612,3473.4149110664443,3490.3583984375,29144900,ASII.JK
2021-06-17,3473.4146776386337,3490.358163871017,3439.5277051738663,3456.47119140625,38074600,ASII.JK
2021-06-18,3439.5279724121096,3473.414947509766,3320.9235595703126,3388.697509765625,112157600,ASII.JK
2021-06-21,3334.478515625,3368.365492409807,3226.0401899136177,3334.478515625,48183300,ASII.JK
2021-06-22,3334.478515625,3405.6411668730943,3320.923724911077,3334.478515625,47156200,ASII.JK
2021-06-23,3375.1425890197133,3405.640865426518,3334.478220477307,3341.255615234375,46351900,ASII.JK
2021-06-24,3341.255320684148,3375.142291482161,3327.700532364942,3348.03271484375,24665200,ASII.JK
2021-06-25,3348.0333063389226,3375.142887766768,3327.7011202680387,3334.478515625,33125300,ASII.JK
2021-06-28,3334.477862509952,3341.2552565394435,3192.1525878906245,3192.152587890625,53083400,ASII.JK
2021-06-29,3205.707930131392,3334.4784389527376,3192.153139729145,3280.25927734375,70425700,ASII.JK
2021-06-30,3273.4813790881203,3388.6970798013667,3266.703984928517,3348.03271484375,34641700,ASII.JK
2021-07-01,3381.9199874650185,3456.471329874067,3354.810408407183,3405.640869140625,42856900,ASII.JK
2021-07-02,3405.640997314453,3439.5279724121096,3375.1427197265625,3388.697509765625,22436900,ASII.JK
2021-07-05,3422.58405059938,3439.527535998387,3334.4779265245447,3348.03271484375,27554100,ASII.JK
2021-07-06,3368.365101841518,3368.365101841518,3314.1459452726403,3320.92333984375,31280100,ASII.JK
2021-07-07,3320.92333984375,3381.9198909837373,3293.8137615593114,3320.92333984375,35907800,ASII.JK
2021-07-08,3341.255132956583,3361.5873142930327,3287.0359827260504,3307.3681640625,40566600,ASII.JK
2021-07-09,3307.3687428398675,3334.478322699211,3300.591347875032,3327.700927734375,21088500,ASII.JK
2021-07-12,3327.7011202680387,3354.8107016958843,3307.3689341971544,3334.478515625,26816600,ASII.JK
2021-07-13,3354.8103126992983,3361.5877072704084,3287.0363669882017,3320.92333984375,28998600,ASII.JK
2021-07-14,3334.4780118591434,3334.4780118591434,3205.70751953125,3205.70751953125,43408700,ASII.JK
2021-07-15,3205.7073616773328,3280.2586956698287,3144.710815683472,3259.926513671875,50750700,ASII.JK
2021-07-16,3280.2585889472334,3327.7003453989496,3266.7038013896004,3307.3681640625,32544000,ASII.JK
2021-07-19,3287.0367380565176,3300.591528728916,3239.594970703125,3239.594970703125,25106100,ASII.JK
2021-07-21,3239.5947546361654,3341.2556778988064,3239.5947546361654,3300.59130859375,41716000,ASII.JK
2021-07-22,3341.25584613846,3405.641100780073,3320.923660462161,3375.142822265625,36287300,ASII.JK
2021-07-23,3388.697275489268,3388.697275489268,3327.700724530461,3354.810302734375,26847700,ASII.JK
2021-07-26,3354.810744951356,3368.3655358400483,3232.817626953125,3232.817626953125,43373400,ASII.JK
2021-07-27,3232.8174341025474,3273.481804342832,3205.7078539423583,3226.0400390625,42635500,ASII.JK
2021-07-28,3239.594346097067,3246.371740126559,3192.1525878906245,3192.152587890625,24083000,ASII.JK
2021-07-29,3198.9300403225807,3212.484828629032,3151.48828125,3151.48828125,50238500,ASII.JK
2021-07-30,3192.152781341036,3280.258909063824,3165.0432035801773,3198.93017578125,65379500,ASII.JK
2021-08-02,3205.707791530245,3266.704345703125,3205.707791530245,3266.704345703125,39192600,ASII.JK
2021-08-03,3280.2587732477227,3368.3648973225586,3273.4813790881203,3348.03271484375,46414100,ASII.JK
2021-08-04,3368.365101841518,3368.365101841518,3300.591156130421,3320.92333984375,25646900,ASII.JK
2021-08-05,3320.9236354086784,3341.255820931589,3293.814054711465,3314.146240234375,31304900,ASII.JK
2021-08-06,3348.03271484375,3375.142291482161,3307.3683498861337,3348.03271484375,45454600,ASII.JK
2021-08-09,3348.033372918274,3354.8107684100114,3273.4820225091626,3293.814208984375,31858700,ASII.JK
2021-08-10,3320.923532769539,3341.255717664046,3280.2591629805247,3327.700927734375,41920300,ASII.JK
2021-08-12,3348.03271484375,3361.587503162956,3307.3683498861337,3348.03271484375,22191700,ASII.JK
2021-08-13,3361.5878031716416,3439.52784296292,3361.5878031716416,3405.640869140625,62673300,ASII.JK
2021-08-16,3422.584345173953,3439.527832031249,3381.9199767164405,3439.52783203125,46949700,ASII.JK
2021-08-18,3456.4712871934807,3592.019180808912,3439.527800491552,3541.188720703125,102560600,ASII.JK
2021-08-19,3541.188860550668,3575.075835292779,3439.5279363243326,3490.3583984375,53594900,ASII.JK
2021-08-20,3490.358163871017,3490.358163871017,3388.6972464767155,3456.47119140625,32878200,ASII.JK
2021-08-23,3456.47119140625,3490.358163871017,3422.584218941483,3456.47119140625,30921500,ASII.JK
2021-08-24,3507.301779460437,3507.301779460437,3422.584345173953,3439.52783203125,32783500,ASII.JK
2021-08-25,3490.3583984375005,3524.245373179612,3439.5279363243326,3490.3583984375,26870400,ASII.JK
2021-08-26,3524.245136335784,3524.245136335784,3422.584218941483,3456.47119140625,28757400,ASII.JK
2021-08-27,3456.470954517327,3456.470954517327,3422.583984375,3422.583984375,26966100,ASII.JK
2021-08-30,3456.471040987856,3575.075439453125,3456.471040987856,3575.075439453125,51914600,ASII.JK
2021-08-31,3575.0756941069826,3592.019180808912,3524.2452340011964,3541.188720703125,45649200,ASII.JK
2021-09-01,3541.1887313179345,3575.075704823369,3456.4712975543475,3507.3017578125,26732500,ASII.JK
2021-09-02,3524.245107886905,3558.132080078125,3507.3016217912946,3558.132080078125,17335000,ASII.JK
2021-09-03,3558.1320618246205,3625.906005859375,3524.245089807243,3625.906005859375,28004500,ASII.JK
2021-09-06,3642.850083030314,3693.680549305156,3608.963105513753,3676.737060546875,28315200,ASII.JK
2021-09-07,3676.736463885441,3693.6799498941295,3592.019033841997,3625.906005859375,23685800,ASII.JK
2021-09-08,3642.849510556176,3642.849510556176,3558.132080078125,3558.132080078125,44076000,ASII.JK
2021-09-09,3558.1320442409688,3693.679931640625,3558.1320442409688,3693.679931640625,49118000,ASII.JK
2021-09-10,3693.680549305156,3710.624038063436,3642.850083030314,3676.737060546875,31997100,ASII.JK
2021-09-13,3676.736445715668,3727.5669034905386,3625.905987940797,3693.679931640625,29796400,ASII.JK
2021-09-14,3727.5672546662895,3761.454229708712,3693.680279623869,3744.5107421875,34356900,ASII.JK
2021-09-15,3744.510648374204,3761.45413547092,3642.849725793909,3659.793212890625,61522300,ASII.JK
2021-09-16,3676.736336073765,3710.623306913154,3625.90587981468,3642.849365234375,27187700,ASII.JK
2021-09-17,3642.850083030314,3676.737060546876,3575.076127997192,3676.737060546875,44004000,ASII.JK
2021-09-20,3676.736973024764,3676.736973024764,3541.189066185141,3592.01953125,46896100,ASII.JK
2021-09-21,3575.0756941069826,3575.0756941069826,3490.358260597339,3541.188720703125,23656300,ASII.JK
2021-09-22,3541.188468463048,3625.905895938241,3524.244982968009,3575.075439453125,21750800,ASII.JK
2021-09-23,3575.075835292779,3608.962810034891,3490.3583984375005,3490.3583984375,27178400,ASII.JK
2021-09-24,3490.3583984375005,3541.188860550668,3473.4149110664443,3490.3583984375,29394300,ASII.JK
2021-09-27,3490.3582710597825,3541.1887313179345,3473.414784307065,3507.3017578125,25252300,ASII.JK
2021-09-28,3507.301779460437,3524.2452663177337,3439.527832031249,3439.52783203125,35640900,ASII.JK
2021-09-29,3439.528013130868,3625.9063783744127,3422.584525381455,3608.962890625,42995900,ASII.JK
2021-09-30,3642.849465110085,3727.5668945312495,3592.019007457386,3727.56689453125,44723000,ASII.JK
2021-10-01,3693.679931640625,3727.5669034905386,3659.792959790711,3693.679931640625,27484100,ASII.JK
2021-10-04,3727.566760965527,3812.284187351107,3710.623275688411,3778.397216796875,52074900,ASII.JK
2021-10-05,3778.397343266118,3829.227800798846,3727.56688573339,3761.453857421875,27128000,ASII.JK
2021-10-06,3795.3408734309614,4134.210594273012,3778.397387388859,4049.4931640625,168237500,ASII.JK
2021-10-07,4049.493600945724,4066.4370888157896,3863.115234375,3863.115234375,97516000,ASII.JK
2021-10-08,3893.855663234905,4081.7171206716766,3842.6207202976034,4030.482177734375,91094200,ASII.JK
2021-10-11,4047.5607117491886,4064.639026988637,3945.0908203125,3945.0908203125,38994500,ASII.JK
2021-10-12,3962.1693484042553,4064.6392453457447,3945.091032247341,4013.404296875,68823100,ASII.JK
2021-10-13,4064.639123194721,4303.735542206176,4047.560807551046,4286.6572265625,143652900,ASII.JK
2021-10-14,4303.735433923192,4406.205325207078,4184.187227425327,4252.50048828125,104502800,ASII.JK
2021-10-15,4286.657908203125,4303.7362265625,4184.187998046875,4269.57958984375,82896700,ASII.JK
2021-10-18,4286.657118709212,4337.892064351155,4235.422173067269,4252.50048828125,61419000,ASII.JK
2021-10-19,4286.657143900713,4354.970405158095,4235.422197957677,4337.89208984375,52117000,ASII.JK
2021-10-21,4337.892653550559,4337.892653550559,4184.187795747586,4201.26611328125,132905200,ASII.JK
2021-10-22,4201.265921527075,4252.500871789601,4184.1876047729,4218.34423828125,26886400,ASII.JK
2021-10-25,4235.421536027892,4252.499848673167,4115.873347510977,4132.95166015625,51872000,ASII.JK
2021-10-26,4132.952843146595,4218.344430814914,4132.952843146595,4201.26611328125,25950500,ASII.JK
2021-10-27,4167.109163411458,4184.187479654948,4098.7958984375,4098.7958984375,40588700,ASII.JK
2021-10-28,4098.7958984375,4218.344112141927,4064.639265950521,4098.7958984375,50046900,ASII.JK
2021-10-29,4252.500547037085,4269.578862487034,4115.8740234375,4115.8740234375,82397400,ASII.JK
2021-11-01,4132.952338887449,4201.265600687241,4115.8740234375,4115.8740234375,37254100,ASII.JK
2021-11-02,4115.873749296544,4167.108692233845,4030.482177734375,4030.482177734375,25293400,ASII.JK
2021-11-03,4030.482340154289,4115.873915157557,3979.247395152328,4081.71728515625,90495000,ASII.JK
2021-11-04,4150.030545158865,4150.030545158865,4064.638970155596,4081.71728515625,41774200,ASII.JK
2021-11-05,4030.481989220728,4081.7169297616697,3996.3253621934336,4047.560302734375,80775400,ASII.JK
2021-11-08,4047.560302734376,4098.795243275316,4030.481989220728,4047.560302734375,23177300,ASII.JK
2021-11-09,4030.4828058226494,4064.6394397702993,3996.326171875,3996.326171875,41112200,ASII.JK
2021-11-10,4047.561070739499,4269.579188543776,4013.404437231149,4218.34423828125,104312600,ASII.JK
2021-11-11,4235.422555035425,4269.579188543776,4201.265921527075,4218.34423828125,51111700,ASII.JK
2021-11-12,4235.422748348577,4252.50106588224,4150.031160680259,4201.26611328125,26920800,ASII.JK
2021-11-15,4201.2658163265305,4218.344132653061,4132.9525510204085,4184.1875,22148900,ASII.JK
2021-11-16,4184.1876047729,4269.579188543776,4167.109288018725,4218.34423828125,42681000,ASII.JK
2021-11-17,4252.501271484375,4269.57958984375,4218.344634765625,4269.57958984375,49120900,ASII.JK
2021-11-18,4269.578503024193,4269.578503024193,4218.343560987903,4235.421875,29629900,ASII.JK
2021-11-19,4252.50048828125,4269.578803495231,4235.422173067269,4252.50048828125,37505200,ASII.JK
2021-11-22,4269.578503024193,4354.970073084677,4184.186932963709,4235.421875,62612600,ASII.JK
2021-11-23,4269.57958984375,4303.7362265625,4218.344634765625,4269.57958984375,31557400,ASII.JK
2021-11-24,4286.657118709212,4286.657118709212,4235.422173067269,4252.50048828125,25645300,ASII.JK
2021-11-25,4269.578803495231,4303.735433923192,4218.343857853289,4252.50048828125,32763500,ASII.JK
2021-11-26,4235.421949483581,4252.500263796014,4013.403863421941,4030.482177734375,93634100,ASII.JK
2021-11-29,4030.482340154289,4098.795600156904,3928.012450150366,4081.71728515625,87367400,ASII.JK
2021-11-30,4064.639026988637,4081.717342228085,3928.012505073052,3945.0908203125,97592700,ASII.JK
2021-12-01,3979.247928045492,3996.326245333241,3842.621389743501,3859.69970703125,102412800,ASII.JK
2021-12-02,3859.699636084402,4013.4044888488247,3825.543002136752,3996.326171875,48422300,ASII.JK
2021-12-03,4030.481840183424,4047.5601530655567,3910.933650008491,3928.011962890625,31882900,ASII.JK
2021-12-06,3928.012976182245,3962.169610757743,3859.6997070312495,3859.69970703125,53112400,ASII.JK
2021-12-07,3893.855481111551,4047.560302734376,3893.855481111551,4047.560302734375,39679500,ASII.JK
2021-12-08,4047.560268007476,4064.638581374596,3945.090387804755,3962.168701171875,44189500,ASII.JK
2021-12-09,4030.482633463542,4098.7958984375,3962.169368489583,4098.7958984375,35386900,ASII.JK
2021-12-10,4064.638616248023,4064.638616248023,3962.1687351661394,4047.560302734375,55629400,ASII.JK
2021-12-13,4047.560492046809,4081.7171206716766,4013.403863421941,4030.482177734375,30655800,ASII.JK
2021-12-14,4047.56092918883,4047.56092918883,3996.325980718085,4013.404296875,17233700,ASII.JK
2021-12-15,4030.482633463542,4132.952530924479,4013.404317220052,4098.7958984375,51113700,ASII.JK
2021-12-16,4115.873521475956,4132.9518348430765,3962.168701171875,3962.168701171875,56929600,ASII.JK
2021-12-17,3962.168701171875,3979.2470145389952,3910.933761070514,3962.168701171875,55854900,ASII.JK
2021-12-20,3928.0130287204015,3945.091346236578,3876.778076171875,3876.778076171875,26290000,ASII.JK
2021-12-21,3876.778024318999,3928.012976182245,3859.6997070312495,3859.69970703125,29127800,ASII.JK
2021-12-22,3893.8560416666655,3945.090989583333,3842.62109375,3842.62109375,33727100,ASII.JK
2021-12-23,3859.699137725164,3928.0123967999457,3842.6208229564686,3910.93408203125,21744100,ASII.JK
2021-12-24,3910.9347112042265,3928.0130287204015,3859.6997586557,3876.778076171875,16203800,ASII.JK
2021-12-27,3910.9347112042265,3928.0130287204015,3859.6997586557,3876.778076171875,20426700,ASII.JK
2021-12-28,3876.77745249386,3928.0123967999457,3859.699137725164,3910.93408203125,21833300,ASII.JK
2021-12-29,3928.011962890625,3945.0902757727576,3876.777024244225,3928.011962890625,14260000,ASII.JK
2021-12-30,3945.091151187295,3945.091151187295,3893.856201171876,3893.856201171875,17144000,ASII.JK
2022-01-03,3876.77745249386,3928.0123967999457,3842.6208229564686,3910.93408203125,27052300,ASII.JK
2022-01-04,3928.012505073052,4013.404081270293,3910.934189833604,3945.0908203125,29770700,ASII.JK
2022-01-05,3910.933997731572,3945.090626532721,3791.385796927552,3808.464111328125,50423900,ASII.JK
2022-01-06,3825.543123623348,3876.778076171875,3808.464806107173,3876.778076171875,32155800,ASII.JK
2022-01-07,3910.9345178436815,3928.012834515488,3859.6995678282624,3893.856201171875,25014800,ASII.JK
2022-01-10,3876.778024318999,3910.934658894496,3859.6997070312495,3859.69970703125,15379400,ASII.JK
2022-01-11,3893.856201171876,3893.856201171876,3859.6995678282624,3893.856201171875,21800300,ASII.JK
2022-01-12,3910.93408203125,3910.93408203125,3859.699137725164,3910.93408203125,21283700,ASII.JK
2022-01-13,3910.934189833604,3945.0908203125,3876.777559354708,3945.0908203125,18618100,ASII.JK
2022-01-14,3945.090711568641,3962.1690263373366,3893.8557672625534,3910.93408203125,17719100,ASII.JK
2022-01-17,3945.091346236578,3945.091346236578,3859.6997586557,3876.778076171875,15859100,ASII.JK
2022-01-18,3876.778024318999,3910.934658894496,3808.464755168003,3859.69970703125,28165300,ASII.JK
2022-01-19,3859.6991097586497,3876.7774244036,3808.4641658238,3825.54248046875,38051800,ASII.JK
2022-01-20,3825.5428096719456,3842.621125786553,3757.229545213518,3774.307861328125,46564600,ASII.JK
2022-01-21,3774.307536533901,3842.6207951137,3757.229221888951,3825.54248046875,40709600,ASII.JK
2022-01-24,3825.5428096719456,3842.621125786553,3774.307861328125,3774.307861328125,27127800,ASII.JK
2022-01-25,3757.229384676032,3757.229384676032,3671.8378077515767,3723.07275390625,56709200,ASII.JK
2022-01-26,3757.229384676032,3757.229384676032,3705.994438521359,3723.07275390625,27985700,ASII.JK
2022-01-27,3705.994007964112,3774.3072615671376,3688.915694563356,3740.150634765625,34574800,ASII.JK
2022-01-28,3740.150634765625,3774.3072615671376,3723.072321364869,3740.150634765625,27378500,ASII.JK
2022-01-31,3740.150634765625,3791.3855749678937,3723.072321364869,3740.150634765625,32006300,ASII.JK
2022-02-02,3757.229248046875,3774.307562810725,3705.994303755327,3757.229248046875,33450400,ASII.JK
2022-02-03,3757.229248046875,3791.385877574573,3723.072618519176,3757.229248046875,38565600,ASII.JK
2022-02-04,3774.307562810725,3774.307562810725,3740.1509332830256,3757.229248046875,16052500,ASII.JK
2022-02-07,3757.228948166381,3774.3072615671376,3723.072321364869,3740.150634765625,46685400,ASII.JK
2022-02-08,3774.3076710743935,3893.855877850506,3757.229355820664,3791.385986328125,95691000,ASII.JK
2022-02-09,3791.385986328125,3859.699247343046,3740.1510405669337,3791.385986328125,80244900,ASII.JK
2022-02-10,3808.464330830705,3842.620961600487,3723.07275390625,3723.07275390625,93265400,ASII.JK
2022-02-11,3723.07275390625,3740.151069291141,3688.916123136468,3723.07275390625,36376700,ASII.JK
2022-02-14,3688.9165407576647,3705.9948580759874,3586.4466368477297,3620.603271484375,74307400,ASII.JK
2022-02-15,3620.60272993608,3774.307562810725,3620.60272993608,3757.229248046875,77964800,ASII.JK
2022-02-16,3791.3855749678937,3825.5422017694063,3740.150634765625,3740.150634765625,46730000,ASII.JK
2022-02-17,3757.228948166381,3774.3072615671376,3705.994007964112,3740.150634765625,47572000,ASII.JK
2022-02-18,3723.0725925990514,3842.6207951137,3705.9942779541016,3825.54248046875,53981400,ASII.JK
2022-02-21,3842.620740129274,3859.6990545298486,3791.385796927552,3808.464111328125,27509200,ASII.JK
2022-02-22,3774.307482526976,3808.464111328125,3723.072539325253,3808.464111328125,49233600,ASII.JK
2022-02-23,3808.464755168003,3859.6997070312495,3774.3081205925055,3859.69970703125,44299100,ASII.JK
2022-02-24,3842.621251156456,3945.091151187295,3774.30798446923,3893.856201171875,76492000,ASII.JK
2022-02-25,3893.8554477033945,3962.168701171875,3859.6988209691535,3962.168701171875,97598000,ASII.JK
2022-03-01,3962.169467859101,4064.63936788994,3893.856201171876,3893.856201171875,101227600,ASII.JK
2022-03-02,3859.69944190116,3893.856074130373,3757.229545213518,3774.307861328125,80565600,ASII.JK
2022-03-04,3808.4644618055554,3876.777725694444,3774.307829861111,3842.62109375,50348400,ASII.JK
2022-03-07,3825.542194234914,3979.2470145389952,3791.3855675006735,3962.168701171875,59978000,ASII.JK
2022-03-08,4098.79640625,4474.51941015625,4081.718087890625,4269.57958984375,256655000,ASII.JK
2022-03-09,4440.362374441964,4440.362374441964,4252.500889369419,4303.73583984375,107853200,ASII.JK
2022-03-10,4303.7362265625,4303.7362265625,4201.26631640625,4269.57958984375,56584100,ASII.JK
2022-03-11,4218.343963987799,4303.735542206176,4184.187332700448,4286.6572265625,32940500,ASII.JK
2022-03-14,4337.892386642156,4389.127336090686,4303.73575367647,4354.970703125,61811900,ASII.JK
2022-03-15,4389.127423967634,4406.20574079241,4286.657523018973,4303.73583984375,57193600,ASII.JK
2022-03-16,4320.814363479614,4372.04931640625,4303.736045837402,4372.04931640625,55776300,ASII.JK
2022-03-17,4372.049124513619,4423.284075191513,4337.892490728356,4389.12744140625,53844700,ASII.JK
2022-03-18,4406.205951690674,4406.205951690674,4320.814363479614,4372.04931640625,69493500,ASII.JK
2022-03-21,4406.205877130682,4508.67578125,4406.205877130682,4508.67578125,72452300,ASII.JK
2022-03-22,4508.675484196769,4508.675484196769,4440.362219284696,4491.59716796875,39260600,ASII.JK
2022-03-23,4491.597448871863,4491.597448871863,4406.205862391409,4423.2841796875,27348900,ASII.JK
2022-03-24,4389.127270600642,4491.59716796875,4389.127270600642,4491.59716796875,37635100,ASII.JK
2022-03-25,4474.5192222595215,4491.597539901733,4354.970998764038,4372.04931640625,42984300,ASII.JK
2022-03-28,4372.049440298508,4628.224212190999,4372.049440298508,4576.9892578125,68545500,ASII.JK
2022-03-29,4508.675676884542,4576.988944716126,4474.51904296875,4474.51904296875,24901500,ASII.JK
2022-03-30,4474.51876762218,4542.83203125,4440.362135808271,4542.83203125,34320500,ASII.JK
2022-03-31,4559.910432880823,4559.910432880823,4491.59716796875,4491.59716796875,41346500,ASII.JK
2022-04-01,4628.224212190999,4628.224212190999,4525.7543034340015,4576.9892578125,35365600,ASII.JK
2022-04-04,4628.2237383384845,4662.38037109375,4559.9104728279535,4662.38037109375,29374100,ASII.JK
2022-04-05,4662.380286175272,4713.615234375,4594.067021908968,4713.615234375,28581200,ASII.JK
2022-04-06,4662.379541015625,4781.927734375,4645.301227678571,4781.927734375,48854700,ASII.JK
2022-04-07,4747.771866508153,4781.928498641305,4679.458602241848,4713.615234375,41492600,ASII.JK
2022-04-08,4781.927734375,4833.162674386161,4713.614481026786,4781.927734375,55006300,ASII.JK
2022-04-11,4764.850074489621,4781.928390168795,4611.145233377053,4679.45849609375,51481700,ASII.JK
2022-04-12,4696.537506323067,4747.7724609375,4662.380869913444,4747.7724609375,41879800,ASII.JK
2022-04-13,4747.771781894041,4781.928413418459,4696.536834607415,4764.85009765625,52818100,ASII.JK
2022-04-14,4764.849881036932,4816.084825994318,4696.53662109375,4696.53662109375,23891600,ASII.JK
2022-04-18,4713.614481026786,4816.084361049107,4713.614481026786,4781.927734375,32962100,ASII.JK
2022-04-19,4816.085130774457,4816.085130774457,4645.301970108696,4713.615234375,29237600,ASII.JK
2022-04-20,4713.615234375,4764.850182574729,4662.380286175272,4713.615234375,39881900,ASII.JK
2022-04-21,4730.692794363839,4850.240987723214,4713.614481026786,4781.927734375,51438900,ASII.JK
2022-04-22,4764.850497631317,4850.242083610373,4696.537228848072,4816.08544921875,39795300,ASII.JK
2022-04-25,4816.085744257951,4884.399017226148,4696.537516563604,4833.1640625,52305700,ASII.JK
2022-04-26,4850.241909450955,4918.55517578125,4781.92864312066,4918.55517578125,39223700,ASII.JK
2022-04-27,4901.476454564146,4918.554769736843,4816.084878700658,4867.31982421875,34988500,ASII.JK
2022-04-28,4952.711862494843,5260.121564304868,4935.63354572762,5174.72998046875,118152200,ASII.JK
2022-05-09,5205.577896442819,5205.577896442819,4942.669921875,4942.669921875,81089600,ASII.JK
2022-05-10,4662.234008789063,4907.61474609375,4644.7068132672985,4907.61474609375,118477400,ASII.JK
2022-05-11,4925.14233221524,5065.3599075096245,4837.50634765625,4837.50634765625,71287600,ASII.JK
2022-05-12,4837.506051836223,4925.142031036155,4714.815680956319,4802.45166015625,45587500,ASII.JK
2022-05-13,4837.5062088815785,5065.3597621984645,4802.451816063596,4995.2509765625,73260300,ASII.JK
2022-05-17,5082.886701311384,5117.94109235491,4907.61474609375,4907.61474609375,40279200,ASII.JK
2022-05-18,4890.088612731074,5047.833406690141,4855.034214073504,4977.724609375,44859900,ASII.JK
2022-05-19,4855.03315952846,4995.250723702567,4802.451572963169,4907.61474609375,27558300,ASII.JK
2022-05-20,4942.669387335526,5047.832565789474,4942.669387335526,4995.2509765625,37674800,ASII.JK
2022-05-23,4995.251921509667,5030.306320958858,4784.925524814524,4872.5615234375,46368600,ASII.JK
2022-05-24,4925.142335691652,5047.832714160839,4925.142335691652,5012.7783203125,52177200,ASII.JK
2022-05-25,4977.724609375,5030.306207361356,4942.67021071743,4977.724609375,51200500,ASII.JK
2022-05-27,5047.832666522491,5117.941453557526,5012.778273004974,5065.35986328125,34766600,ASII.JK
2022-05-30,5100.414404296875,5100.414404296875,4995.251220703125,5082.88720703125,37147800,ASII.JK
2022-05-31,5082.887303358843,5240.632081738945,5082.887303358843,5152.99609375,90800300,ASII.JK
2022-06-02,5117.941552901024,5258.159129692833,5082.887158703072,5135.46875,72733400,ASII.JK
2022-06-03,5152.995799443493,5240.6317824272255,5117.94140625,5117.94140625,43947400,ASII.JK
2022-06-06,5047.832666522491,5082.887060040009,4960.196682728698,5065.35986328125,53388400,ASII.JK
2022-06-07,5117.941799587673,5188.050591362847,5047.8330078125,5047.8330078125,54814500,ASII.JK
2022-06-08,5012.778466626743,5152.996046112805,5012.778466626743,5030.3056640625,33478600,ASII.JK
2022-06-09,5012.778611924913,5152.99619547526,5012.778611924913,5047.8330078125,37787500,ASII.JK
2022-06-10,4977.7240734995485,5030.305665825248,4855.03369140625,4855.03369140625,57621000,ASII.JK
2022-06-13,4837.506589190391,4977.7241714857655,4714.81620468194,4925.142578125,59781700,ASII.JK
2022-06-14,4819.979103662634,4907.615087365592,4819.979103662634,4890.087890625,38001800,ASII.JK
2022-06-15,4890.088240438433,4890.088240438433,4697.2890625,4697.2890625,50804600,ASII.JK
2022-06-16,4802.45166015625,4872.560443516196,4732.342876796305,4802.45166015625,74982600,ASII.JK
2022-06-17,4679.762326466952,4872.5615234375,4679.762326466952,4872.5615234375,63931400,ASII.JK
2022-06-20,4872.56088884815,4890.088086290049,4732.343309312952,4855.03369140625,44263700,ASII.JK
2022-06-21,4837.506051836223,4890.087639356182,4802.45166015625,4802.45166015625,31247000,ASII.JK
2022-06-22,4802.452345904182,4855.033940932331,4749.870750876034,4767.39794921875,35536800,ASII.JK
2022-06-23,4802.4518075284095,4819.97900390625,4732.343022017046,4819.97900390625,30137200,ASII.JK
2022-06-24,4837.507000526685,4837.507000526685,4662.23500775398,4679.76220703125,42386000,ASII.JK
2022-06-27,4697.28926074953,4732.34365821781,4592.12606834469,4662.23486328125,48277300,ASII.JK
2022-06-28,4662.234666511194,4697.2890625,4627.180270522388,4697.2890625,36838200,ASII.JK
2022-06-29,4644.707275390625,4697.2888671875,4557.0712890625,4557.0712890625,46682700,ASII.JK
2022-06-30,4574.599207694576,4662.235207841981,4557.072007665094,4644.7080078125,52839200,ASII.JK
2022-07-01,4679.7618197737065,4679.7618197737065,4557.071434985633,4574.5986328125,52387100,ASII.JK
2022-07-04,4557.0712890625,4609.652880859375,4416.8537109375,4557.0712890625,43087400,ASII.JK
2022-07-05,4557.071740674407,4574.598939677001,4434.38134765625,4434.38134765625,39700000,ASII.JK
2022-07-06,4416.853660300926,4486.962448559671,4241.581689654064,4259.10888671875,67773900,ASII.JK
2022-07-07,4224.054244353992,4294.163028492648,4136.418264180673,4171.47265625,62871600,ASII.JK
2022-07-08,4224.053900938154,4259.108290157557,4171.472317109048,4188.99951171875,78131700,ASII.JK
2022-07-11,4188.999471364928,4259.108249128358,4153.945082483213,4241.5810546875,49946600,ASII.JK
2022-07-12,4241.581835137039,4311.690625800461,4241.581835137039,4276.63623046875,22900800,ASII.JK
2022-07-13,4276.635826012607,4276.635826012607,4083.836669921875,4083.836669921875,56747900,ASII.JK
2022-07-14,4083.837056144339,4276.63623046875,4083.837056144339,4276.63623046875,59847700,ASII.JK
2022-07-15,4206.527048319328,4259.10863642332,4153.945460215336,4171.47265625,32403800,ASII.JK
2022-07-18,4188.999807523988,4224.05419921875,4171.472611676608,4224.05419921875,27618400,ASII.JK
2022-07-19,4224.054492589377,4311.690477912809,4224.054492589377,4259.10888671875,50725600,ASII.JK
2022-07-20,4329.217868759338,4399.32666015625,4276.636275211654,4399.32666015625,70493600,ASII.JK
2022-07-21,4346.74497090081,4381.799365827429,4241.581786120951,4329.2177734375,55415500,ASII.JK
2022-07-22,4329.217674977495,4329.217674977495,4241.581689654064,4259.10888671875,37583800,ASII.JK
2022-07-25,4241.581689654064,4311.690477912809,4241.581689654064,4259.10888671875,24674200,ASII.JK
2022-07-26,4276.63623046875,4294.163428134605,4259.109032802894,4276.63623046875,21937400,ASII.JK
2022-07-27,4294.163428134605,4294.163428134605,4206.527439805328,4276.63623046875,35066000,ASII.JK
2022-07-28,4294.162638010072,4311.68983245093,4224.053860246642,4241.5810546875,51909300,ASII.JK
2022-07-29,4311.690954638093,4504.490143666626,4294.163755635499,4434.38134765625,150285200,ASII.JK
2022-08-01,4504.490036423142,4592.126029349663,4451.90844066723,4539.54443359375,55511700,ASII.JK
2022-08-02,4539.54443359375,4539.54443359375,4399.3268449113175,4539.54443359375,53235100,ASII.JK
2022-08-03,4522.017467151988,4627.1806640625,4469.4358686967325,4627.1806640625,40666300,ASII.JK
2022-08-04,4697.289462002841,4697.289462002841,4522.017467151988,4627.1806640625,66966300,ASII.JK
2022-08-05,4627.180807783019,4662.235207841981,4539.544807635613,4644.7080078125,46702100,ASII.JK
2022-08-08,4644.707468516791,4697.2890625,4574.598676539179,4697.2890625,32971000,ASII.JK
2022-08-09,4714.815577980324,4784.924359809028,4697.288382523148,4732.3427734375,61001700,ASII.JK
2022-08-10,4749.870072636291,4802.45166015625,4627.179701756387,4802.45166015625,37086500,ASII.JK
2022-08-11,4890.088723162095,4907.615922886691,4837.507123988309,4872.5615234375,42007400,ASII.JK
2022-08-12,4872.5615234375,4907.615922886691,4802.452724539119,4872.5615234375,58469000,ASII.JK
2022-08-15,4855.033396661932,4872.560593039772,4767.397414772728,4819.97900390625,35283300,ASII.JK
2022-08-16,4819.979103662634,4942.669480846774,4819.979103662634,4890.087890625,61907800,ASII.JK
2022-08-18,4890.087890625,4907.615087365592,4802.451906922042,4890.087890625,25190000,ASII.JK
2022-08-19,4890.087890625,4907.615087365592,4837.506300403225,4890.087890625,32914500,ASII.JK
2022-08-22,4819.979296522451,4855.03369140625,4767.397704196751,4855.03369140625,48266600,ASII.JK
2022-08-23,4837.506300403225,4925.142284106182,4802.451906922042,4890.087890625,56381000,ASII.JK
2022-08-24,4855.033930352393,4942.669921875,4837.506732047873,4942.669921875,30605000,ASII.JK
2022-08-25,4942.669480846774,4942.669480846774,4872.5606938844085,4890.087890625,22793800,ASII.JK
2022-08-26,4890.087789417614,4925.142182173296,4802.4518075284095,4819.97900390625,31120500,ASII.JK
2022-08-29,4767.397607600732,4837.506395947802,4732.343213427198,4784.9248046875,29722100,ASII.JK
2022-08-30,4802.451953832654,4925.14233221524,4802.451953832654,4837.50634765625,45566100,ASII.JK
2022-08-31,4819.979103662634,4890.087890625,4749.870316700269,4890.087890625,55714900,ASII.JK
2022-09-01,4890.088086290049,4925.142481173849,4837.50649396435,4855.03369140625,36691900,ASII.JK
2022-09-02,4872.56088884815,4907.61528373195,4819.979296522451,4855.03369140625,26077700,ASII.JK
2022-09-05,4837.5062002840905,4855.033396661932,4802.4518075284095,4819.97900390625,24953800,ASII.JK
2022-09-06,4819.979150744452,4872.560741479846,4802.451953832654,4837.50634765625,18626800,ASII.JK
2022-09-07,4767.39805568609,4819.979651888511,4644.70766454711,4662.23486328125,77218400,ASII.JK
2022-09-08,4662.23486328125,4732.34365821781,4644.70766454711,4662.23486328125,39405200,ASII.JK
2022-09-09,4679.761333169972,4749.8701171875,4644.706941161208,4749.8701171875,31904200,ASII.JK
2022-09-12,4749.870316700269,4890.087890625,4714.815923219086,4890.087890625,51563200,ASII.JK
2022-09-13,4925.142622205946,5065.360205756293,4872.5610283745655,5047.8330078125,70555900,ASII.JK
2022-09-14,4977.723926464161,5117.941501857517,4942.6695326158215,5012.7783203125,56832100,ASII.JK
2022-09-15,4995.251516788564,5065.360310006649,4942.669921875,4942.669921875,63346200,ASII.JK
2022-09-16,4907.615135303442,4942.669529127038,4837.50634765625,4837.50634765625,65885100,ASII.JK
2022-09-19,4872.560601699562,5065.3597621984645,4855.03340529057,4995.2509765625,52232700,ASII.JK
2022-09-20,5012.778466626743,5082.887256369774,4977.724071755227,5030.3056640625,47337700,ASII.JK
2022-09-21,4995.251123388331,5047.832714160839,4977.723926464161,5012.7783203125,26007500,ASII.JK
2022-09-22,4925.1424794479535,5065.360058934016,4907.615282012195,5030.3056640625,26295200,ASII.JK
2022-09-23,4977.723926464161,5030.305517236669,4942.6695326158215,5012.7783203125,22258800,ASII.JK
2022-09-26,4907.615087365592,4925.142284106182,4802.451906922042,4890.087890625,61422800,ASII.JK
2022-09-27,4907.615922886691,4942.670322335882,4872.5615234375,4872.5615234375,42809400,ASII.JK
2022-09-28,4872.561139275046,4907.615535960478,4767.39794921875,4767.39794921875,50825400,ASII.JK
2022-09-29,4802.451705200646,4837.506097209409,4697.288529174354,4749.8701171875,36653400,ASII.JK
2022-09-30,4697.289607900943,4732.344007959906,4627.180807783019,4644.7080078125,71017400,ASII.JK
2022-10-03,4662.235207841981,4697.289607900943,4627.180807783019,4644.7080078125,27280600,ASII.JK
2022-10-04,4714.81640625,4767.398001858736,4697.289207713755,4714.81640625,33322400,ASII.JK
2022-10-05,4767.398203417603,4784.925402694874,4679.76220703125,4679.76220703125,31019300,ASII.JK
2022-10-06,4679.762262517756,4732.343860973011,4627.1806640625,4627.1806640625,37002600,ASII.JK
2022-10-07,4592.126029349663,4609.653227934967,4522.017235008446,4539.54443359375,54850200,ASII.JK
2022-10-10,4504.489697265625,4574.598486328125,4469.435302734375,4557.0712890625,34319700,ASII.JK
2022-10-11,4486.962643678161,4609.653028466236,4486.962643678161,4574.5986328125,35320000,ASII.JK
2022-10-12,4583.837263933317,4601.604075033833,4512.77001953125,4512.77001953125,72794100,ASII.JK
2022-10-13,4530.536830631767,4548.303641732284,4459.4695862297,4512.77001953125,44281200,ASII.JK
2022-10-14,4619.37088613435,4619.37088613435,4512.77001953125,4512.77001953125,45496900,ASII.JK
2022-10-17,4495.003070282101,4637.137554717899,4406.169017509727,4566.0703125,50710300,ASII.JK
2022-10-18,4583.837263933317,4619.37088613435,4512.77001953125,4512.77001953125,42600400,ASII.JK
2022-10-19,4566.070450939895,4637.1376953125,4548.303639846743,4637.1376953125,25542800,ASII.JK
2022-10-20,4619.370744163424,4637.137554717899,4548.303501945525,4566.0703125,32226200,ASII.JK
2022-10-21,4601.60414129337,4743.738632144131,4583.837329937025,4672.67138671875,52148500,ASII.JK
2022-10-24,4672.671247209822,4761.505301339285,4672.671247209822,4725.9716796875,37202900,ASII.JK
2022-10-25,4761.50537109375,4761.50537109375,4690.438126749067,4761.50537109375,37836000,ASII.JK
2022-10-26,4761.505443500476,4761.505443500476,4672.67138671875,4672.67138671875,36289700,ASII.JK
2022-10-27,4672.671247209822,4743.738490513393,4637.137625558035,4725.9716796875,30429800,ASII.JK
2022-10-28,4725.97203378459,4725.97203378459,4619.37116084208,4654.90478515625,28492900,ASII.JK
2022-10-31,4654.904436383928,4725.9716796875,4654.904436383928,4725.9716796875,45774000,ASII.JK
2022-11-01,4725.971820787786,4743.738632144131,4601.60414129337,4672.67138671875,59240700,ASII.JK
2022-11-02,4637.137554717899,4654.904365272373,4530.53669139105,4566.0703125,59695600,ASII.JK
2022-11-03,4530.53662109375,4566.070241651348,4512.769810814951,4530.53662109375,29905800,ASII.JK
2022-11-04,4512.769880836576,4566.0703125,4512.769880836576,4566.0703125,60465200,ASII.JK
2022-11-07,4566.070175405649,4619.37060546875,4566.070175405649,4619.37060546875,41824000,ASII.JK
2022-11-08,4619.370884219349,4637.1376953125,4583.837262033046,4637.1376953125,35241500,ASII.JK
2022-11-09,4637.137972999165,4654.90478515625,4601.604348684996,4654.90478515625,45144800,ASII.JK
2022-11-10,4654.904506405652,4654.904506405652,4583.837262033046,4637.1376953125,33770400,ASII.JK
2022-11-11,4690.43777252907,4708.204582273498,4583.8369140625,4583.8369140625,50938200,ASII.JK
2022-11-14,4583.837193080357,4601.60400390625,4477.236328125,4477.236328125,46011200,ASII.JK
2022-11-15,4477.235975150602,4512.769594001004,4406.168737449799,4423.935546875,65536000,ASII.JK
2022-11-16,4388.40234375,4406.169154858299,4335.101910425102,4388.40234375,60298900,ASII.JK
2022-11-17,4406.169084821428,4477.236328125,4299.568219866072,4477.236328125,35165100,ASII.JK
2022-11-18,4459.469165725402,4477.235975150602,4406.168737449799,4423.935546875,29302300,ASII.JK
2022-11-21,4459.469794111289,4512.77022989748,4441.702982182559,4495.00341796875,19074900,ASII.JK
2022-11-22,4495.002784575803,4512.769594001004,4423.935546875,4423.935546875,33102700,ASII.JK
2022-11-23,4459.469376102571,4477.236186365927,4406.1689453125,4406.1689453125,30863200,ASII.JK
2022-11-24,4406.1689453125,4459.469376102571,4406.1689453125,4406.1689453125,21534300,ASII.JK
2022-11-25,4388.40234375,4406.169154858299,4352.868721533401,4388.40234375,40948100,ASII.JK
2022-11-28,4388.401928024598,4459.469165725402,4370.635118599397,4423.935546875,37901700,ASII.JK
2022-11-29,4352.868299247804,4370.635108632489,4281.801061709065,4299.56787109375,121505900,ASII.JK
2022-11-30,4299.56787109375,4406.16872740186,4281.801061709065,4299.56787109375,191276100,ASII.JK
2022-12-01,4335.101910425102,4406.169154858299,4335.101910425102,4388.40234375,88307900,ASII.JK
2022-12-02,4388.402273995535,4388.402273995535,4299.568219866072,4352.86865234375,51843800,ASII.JK
2022-12-05,4317.334890025285,4335.101700272303,4264.034459284232,4281.80126953125,64357800,ASII.JK
2022-12-06,4264.035239361702,4281.802052859042,4121.900731382979,4175.201171875,69873000,ASII.JK
2022-12-07,4121.900040938865,4192.967283024017,4050.832798853712,4068.599609375,116677600,ASII.JK
2022-12-08,4015.299836952781,4121.900717579845,3944.232583201404,4033.066650390625,161238600,ASII.JK
2022-12-09,4050.8334638284687,4086.367090704157,4015.299836952781,4033.066650390625,55355700,ASII.JK
2022-12-12,4033.066650390625,4068.600277266313,3997.533023514936,4033.066650390625,92687900,ASII.JK
2022-12-13,4050.83293656116,4192.9674255633045,4033.06612543589,4139.6669921875,113893000,ASII.JK
2022-12-14,4210.734236688572,4228.501047813841,4104.133369936963,4139.6669921875,78775300,ASII.JK
2022-12-15,4139.666712267645,4157.433522191541,4086.3662824959592,4121.89990234375,61581800,ASII.JK
2022-12-16,4104.13330078125,4121.900111607143,4050.832868303571,4104.13330078125,95271600,ASII.JK
2022-12-19,4157.434127004523,4157.434127004523,4015.299626935992,4050.833251953125,57531200,ASII.JK
2022-12-20,4033.06643944456,4086.3668769702576,4033.06643944456,4050.833251953125,25876100,ASII.JK
2022-12-21,4050.833251953125,4068.600064461691,4015.299626935992,4050.833251953125,34940600,ASII.JK
2022-12-22,4050.832868303571,4104.13330078125,4033.0660574776784,4104.13330078125,32103400,ASII.JK
2022-12-23,4086.367090704157,4104.1339041420015,4015.299836952781,4033.066650390625,31969000,ASII.JK
2022-12-26,4033.066372761684,4068.599997191302,3997.5327483320657,4015.299560546875,13540500,ASII.JK
2022-12-27,4050.8334638284687,4086.367090704157,4015.299836952781,4033.066650390625,13680300,ASII.JK
2022-12-28,4068.5999631076393,4068.5999631076393,3961.999090711806,3997.53271484375,29919100,ASII.JK
2022-12-29,3979.765936117256,4033.066372761684,3944.232311687638,4015.299560546875,32241500,ASII.JK
2022-12-30,4033.06643944456,4086.3668769702576,4015.299626935992,4050.833251953125,36384500,ASII.JK
2023-01-02,4068.600064461691,4068.600064461691,3997.532814427426,4050.833251953125,12068800,ASII.JK
2023-01-03,4033.066372761684,4050.833184976493,3997.5327483320657,4015.299560546875,22854400,ASII.JK
2023-01-04,4015.299836952781,4050.8334638284687,3997.533023514936,4033.066650390625,32578900,ASII.JK
2023-01-05,4015.298916696948,4050.832535428779,3819.864013671875,3819.864013671875,106047000,ASII.JK
2023-01-06,3837.630689148509,3926.464732878799,3802.0970716563934,3873.164306640625,59754600,ASII.JK
2023-01-09,3908.698023145444,3908.698023145444,3748.796740380403,3802.09716796875,63437700,ASII.JK
2023-01-10,3819.864186748093,3819.864186748093,3748.796946064408,3784.33056640625,62964600,ASII.JK
2023-01-11,3784.330421557267,3802.097231048146,3695.496374102871,3713.26318359375,45514800,ASII.JK
2023-01-12,3695.496312792056,3819.863977164866,3695.496312792056,3802.09716796875,61374300,ASII.JK
2023-01-13,3819.8638804024513,3908.697924132741,3766.5634541642776,3873.164306640625,52039800,ASII.JK
2023-01-16,3926.464951651437,3979.765380859375,3890.9313321794784,3979.765380859375,48458700,ASII.JK
2023-01-17,3979.765554617117,4015.299175640485,3908.698312570383,3944.23193359375,66999600,ASII.JK
2023-01-18,3944.232311687638,4015.2995605468745,3944.232311687638,4015.299560546875,28120700,ASII.JK
2023-01-19,4015.299583500267,4175.200894347623,4015.299583500267,4157.43408203125,95543300,ASII.JK
2023-01-20,4175.199988413665,4192.966796875,4104.132754568326,4192.966796875,54173000,ASII.JK
2023-01-24,4192.967077070148,4228.500696367352,4157.433457772943,4210.73388671875,26217800,ASII.JK
2023-01-25,4192.967354910714,4228.5009765625,4157.433733258928,4228.5009765625,18115800,ASII.JK
2023-01-26,4210.733605336335,4228.500413797669,4157.433179952331,4192.966796875,40168400,ASII.JK
2023-01-27,4210.734798869681,4228.501612367021,4175.201171875,4175.201171875,31869800,ASII.JK
2023-01-30,4175.201171875,4192.96798537234,4104.133917885638,4175.201171875,34817500,ASII.JK
2023-01-31,4210.734234619141,4281.801479085286,4192.967423502604,4264.03466796875,89064100,ASII.JK
2023-02-01,4264.03466796875,4264.03466796875,4210.734234619141,4264.03466796875,35355300,ASII.JK
2023-02-02,4228.500696367352,4246.2675060159545,4175.2002674215455,4210.73388671875,30039900,ASII.JK
2023-02-03,4246.268425864361,4246.268425864361,4175.201171875,4175.201171875,24629700,ASII.JK
2023-02-06,4175.200894347623,4192.967706663995,4139.667269714877,4157.43408203125,31033700,ASII.JK
2023-02-07,4139.667544880319,4210.734798869681,4139.667544880319,4175.201171875,29536700,ASII.JK
2023-02-08,4175.200332115436,4192.967142039332,4104.133092419855,4121.89990234375,27235100,ASII.JK
2023-02-09,4139.66753101769,4157.434344455533,4033.066650390625,4033.066650390625,48263600,ASII.JK
2023-02-10,3979.76600191886,4050.833251953125,3944.232376901727,4050.833251953125,71158200,ASII.JK
2023-02-13,4050.832798853712,4086.366419896288,4033.0659883324233,4068.599609375,22154800,ASII.JK
2023-02-14,4086.366419896288,4121.900040938865,4050.832798853712,4068.599609375,31292000,ASII.JK
2023-02-15,4068.600277266313,4068.600277266313,3961.999396639248,4033.066650390625,38862100,ASII.JK
2023-02-16,4050.833251953125,4050.833251953125,3997.532814427426,4050.833251953125,19014100,ASII.JK
2023-02-17,4050.8334638284687,4068.600277266313,3997.533023514936,4033.066650390625,31273200,ASII.JK
2023-02-20,4033.065810067313,4050.832619803292,3961.998571123396,3979.765380859375,29576500,ASII.JK
2023-02-21,3979.765589966368,4015.299211305353,3944.2319686273822,3961.998779296875,26985200,ASII.JK
2023-02-22,3944.2322786458335,4015.2995269097214,3944.2322786458335,3997.53271484375,24822300,ASII.JK
2023-02-23,4015.2995605468745,4050.833184976493,3961.999123902447,4015.299560546875,33406700,ASII.JK
2023-02-24,4033.065300186821,4121.899337635869,4015.29849269701,4086.36572265625,30869400,ASII.JK
2023-02-27,4068.599472572064,4121.89990234375,4050.832662648168,4121.89990234375,28650400,ASII.JK
2023-02-28,4406.169793801229,4459.470234855277,4335.1025390625,4335.1025390625,154669700,ASII.JK
2023-03-01,4335.102118267277,4388.402554147612,4299.568494347053,4370.6357421875,49851200,ASII.JK
2023-03-02,4370.6357421875,4388.402554147612,4317.3353063071645,4370.6357421875,26943600,ASII.JK
2023-03-03,4370.635108632489,4370.635108632489,4281.801061709065,4299.56787109375,32818500,ASII.JK
2023-03-06,4335.102261766975,4352.8690743152,4299.568636670525,4317.33544921875,22141000,ASII.JK
2023-03-07,4299.568219866072,4317.335030691964,4192.967354910714,4228.5009765625,41630000,ASII.JK
2023-03-08,4192.967077070148,4246.2675060159545,4175.2002674215455,4210.73388671875,40374900,ASII.JK
2023-03-09,4246.267649037214,4299.568079778267,4228.500838790197,4281.80126953125,23104400,ASII.JK
2023-03-10,4246.267578125,4264.034388075314,4192.967148274059,4246.267578125,33330500,ASII.JK
2023-03-13,4192.967077070148,4246.2675060159545,4157.433457772943,4210.73388671875,28402600,ASII.JK
2023-03-14,4192.967354910714,4210.734165736607,4086.366489955357,4104.13330078125,56988600,ASII.JK
2023-03-15,4157.433733258928,4175.200544084822,4104.13330078125,4104.13330078125,40170800,ASII.JK
2023-03-16,4104.133645082131,4175.200894347623,4033.06639581664,4157.43408203125,33947700,ASII.JK
2023-03-17,4175.200894347623,4210.734518980368,4157.43408203125,4157.43408203125,74811900,ASII.JK
2023-03-20,4157.43435837766,4192.96798537234,4121.900731382979,4175.201171875,22146000,ASII.JK
2023-03-21,4157.43435837766,4246.268425864361,4157.43435837766,4175.201171875,40671600,ASII.JK
2023-03-24,4210.734165736607,4264.034598214285,4192.967354910714,4228.5009765625,60721800,ASII.JK
2023-03-27,4228.501612367021,4246.268425864361,4175.201171875,4175.201171875,32493100,ASII.JK
2023-03-28,4192.967706663995,4210.734518980368,4157.43408203125,4157.43408203125,42944400,ASII.JK
2023-03-29,4157.433733258928,4299.568219866072,4157.433733258928,4228.5009765625,81945000,ASII.JK
2023-03-30,4246.2672222590045,4246.2672222590045,4192.966796875,4192.966796875,40174400,ASII.JK
2023-03-31,4228.501045735677,4281.801479085286,4210.734234619141,4264.03466796875,40364100,ASII.JK
2023-04-03,4299.568290201823,4335.101912434896,4246.267856852213,4264.03466796875,44636200,ASII.JK
2023-04-04,4281.80126953125,4299.568079778267,4228.500838790197,4281.80126953125,35612700,ASII.JK
2023-04-05,4281.801479085286,4299.568290201823,4246.267856852213,4264.03466796875,27556300,ASII.JK
2023-04-06,4264.034315664558,4264.034315664558,4210.73388671875,4210.73388671875,32964500,ASII.JK
2023-04-10,4228.500768174687,4246.267578125,4175.200338323745,4246.267578125,40039500,ASII.JK
2023-04-11,4228.501386477623,4335.102261766975,4210.734573929398,4317.33544921875,37545800,ASII.JK
2023-04-12,4370.63539453125,4477.2362578125,4352.868583984375,4441.70263671875,126817700,ASII.JK
2023-04-13,4423.935826171875,4459.469447265625,4388.402205078125,4441.70263671875,35138600,ASII.JK
2023-04-14,4459.469376102571,4477.236186365927,4406.1689453125,4406.1689453125,45556300,ASII.JK
2023-04-17,4406.168737449799,4459.469165725402,4406.168737449799,4423.935546875,33965200,ASII.JK
2023-04-18,4459.469449173152,4601.603933608949,4459.469449173152,4566.0703125,101792500,ASII.JK
2023-04-26,4708.204937835238,4761.50537109375,4619.370882404384,4761.50537109375,182919200,ASII.JK
2023-04-27,4743.73856000758,4779.2721821799205,4708.204937835238,4761.50537109375,45762900,ASII.JK
2023-04-28,4761.504955150463,4797.03857421875,4743.738145616319,4797.03857421875,64976400,ASII.JK
2023-05-02,4814.80552141854,4814.80552141854,4690.437851123596,4743.73828125,62972600,ASII.JK
2023-05-03,4761.505019162735,4779.271828935731,4654.904160524764,4708.20458984375,106341300,ASII.JK
2023-05-04,4690.4384765625,4708.2052889737215,4654.904851740057,4690.4384765625,132167800,ASII.JK
2023-05-05,4769.54248046875,4769.54248046875,4769.54248046875,4769.54248046875,82270600,ASII.JK
2023-05-08,4769.542681760205,4788.9310666454085,4691.989142219388,4750.154296875,95087500,ASII.JK
2023-05-09,4750.154155987525,4905.26123046875,4711.377387367218,4905.26123046875,96938100,ASII.JK
2023-05-10,4924.649614778903,4982.814767709363,4885.872846158597,4905.26123046875,52404700,ASII.JK
2023-05-11,4924.64973046875,4924.64973046875,4788.931037109375,4847.09619140625,39596900,ASII.JK
2023-05-12,4827.70703125,4866.483794553213,4788.930267946787,4827.70703125,67576500,ASII.JK
2023-05-15,4866.484263502706,4924.6494140625,4788.930729422982,4924.6494140625,42039400,ASII.JK
2023-05-16,4924.64903277515,4963.4257968127495,4847.095504699951,4866.48388671875,19445400,ASII.JK
2023-05-17,4924.649614778903,4924.649614778903,4866.484461848444,4905.26123046875,29480000,ASII.JK
2023-05-19,4963.426640926641,5079.756952823359,4924.649870294402,5021.591796875,75548600,ASII.JK
2023-05-22,5060.368053089488,5157.309969815341,4982.814519708807,5118.533203125,63793800,ASII.JK
2023-05-23,5118.533203125,5157.309969815341,5079.756436434659,5118.533203125,49261900,ASII.JK
2023-05-24,5099.144710469335,5176.6982421875,5040.979561680711,5176.6982421875,54136600,ASII.JK
2023-05-25,5196.086736505682,5196.086736505682,5060.368053089488,5118.533203125,43564900,ASII.JK
2023-05-26,5118.533203125,5118.533203125,5060.368053089488,5118.533203125,25356200,ASII.JK
2023-05-29,5137.92158647017,5137.92158647017,5021.591286399148,5118.533203125,27939400,ASII.JK
2023-05-30,5099.144640174279,5118.533022836538,5040.9794921875,5040.9794921875,23340800,ASII.JK
2023-05-31,5040.979893410853,5118.533430232558,5002.203125,5002.203125,154796300,ASII.JK
2023-06-05,5060.368201622597,5428.74749599359,5040.979817708334,5293.02880859375,200252000,ASII.JK
2023-06-06,5273.64013671875,5370.582050996668,5234.863371007583,5273.64013671875,65282100,ASII.JK
2023-06-07,5273.64013671875,5312.416902429917,5176.698222440831,5273.64013671875,81991400,ASII.JK
2023-06-08,5215.475185943265,5254.251953125,5196.086802352398,5254.251953125,32704900,ASII.JK
2023-06-09,5234.863371007583,5273.64013671875,5196.086605296415,5273.64013671875,24893400,ASII.JK
2023-06-12,5273.640336715867,5273.640336715867,5176.698418761532,5254.251953125,37558000,ASII.JK
2023-06-13,5254.251663773148,5293.028428819444,5234.86328125,5234.86328125,23911800,ASII.JK
2023-06-14,5234.864024286685,5351.1943359375,5234.864024286685,5351.1943359375,34146100,ASII.JK
2023-06-15,5351.194048295454,5351.194048295454,5293.028895596591,5331.8056640625,16414000,ASII.JK
2023-06-16,5312.41748046875,5331.805865433965,5254.252325573107,5312.41748046875,63892800,ASII.JK
2023-06-19,5273.6405113636365,5331.8056640625,5254.252127130681,5331.8056640625,12514200,ASII.JK
2023-06-20,5293.028519574334,5312.416902429917,5254.251753863166,5273.64013671875,24394300,ASII.JK
2023-06-21,5254.252689953745,5409.359780432085,5234.8643036439535,5370.5830078125,37629300,ASII.JK
2023-06-22,5331.805487488468,5351.193871079336,5254.251953125,5254.251953125,51199300,ASII.JK
2023-06-23,5254.251953125,5293.028720306735,5196.086802352398,5254.251953125,32156800,ASII.JK
2023-06-26,5273.64013671875,5351.193668141084,5254.251753863166,5273.64013671875,31726400,ASII.JK
2023-06-27,5273.640336715867,5312.417103897602,5254.251953125,5254.251953125,36422700,ASII.JK
2023-07-03,5254.252040765225,5293.02880859375,5234.863656850962,5293.02880859375,37348600,ASII.JK
2023-07-04,5293.028720306735,5293.028720306735,5196.086802352398,5254.251953125,20047800,ASII.JK
2023-07-05,5254.251953125,5254.251953125,5196.086802352398,5254.251953125,34751800,ASII.JK
2023-07-06,5254.251753863166,5273.64013671875,5234.863371007583,5273.64013671875,35473800,ASII.JK
2023-07-07,5254.252040765225,5293.02880859375,5234.863656850962,5293.02880859375,28755500,ASII.JK
2023-07-10,5293.028720306735,5293.028720306735,5254.251953125,5254.251953125,15301300,ASII.JK
2023-07-11,5254.251753863166,5273.64013671875,5234.863371007583,5273.64013671875,32949200,ASII.JK
2023-07-12,5254.251953125,5293.028720306735,5234.863569534133,5254.251953125,29210200,ASII.JK
2023-07-13,5254.251753863166,5293.028519574334,5234.863371007583,5273.64013671875,31298400,ASII.JK
2023-07-14,5254.251663773148,5293.028428819444,5196.086516203704,5234.86328125,56060600,ASII.JK
2023-07-17,5234.863390976124,5254.251773905665,5176.6982421875,5176.6982421875,41698600,ASII.JK
2023-07-18,5176.698555949976,5196.086940054657,5021.591483112524,5099.14501953125,68904700,ASII.JK
2023-07-20,5099.14443958034,5099.14443958034,5002.202530082614,5060.36767578125,64069100,ASII.JK
2023-07-21,5040.979893410853,5060.368277616279,4944.037972383721,5002.203125,64037700,ASII.JK
2023-07-24,4963.427003816794,5118.534097686069,4963.427003816794,5079.75732421875,40830500,ASII.JK
2023-07-25,5118.533022836538,5137.921405498798,5040.9794921875,5040.9794921875,23958900,ASII.JK
2023-07-26,5099.144819779829,5137.92158647017,5040.979669744318,5118.533203125,38599800,ASII.JK
2023-07-27,5118.532821479885,5118.532821479885,5040.9792938817045,5060.36767578125,27816700,ASII.JK
2023-07-28,5040.979952830188,5137.921875,5021.591568396227,5137.921875,28288300,ASII.JK
2023-07-31,5234.863940607893,5389.971020329608,5215.475555642678,5312.41748046875,87828900,ASII.JK
2023-08-01,5331.8056640625,5351.194048295454,5273.6405113636365,5331.8056640625,29425300,ASII.JK
2023-08-02,5293.029095503536,5312.41748046875,5254.252325573107,5312.41748046875,29463700,ASII.JK
2023-08-03,5273.640424679487,5351.193960336539,5254.252040765225,5293.02880859375,29272000,ASII.JK
2023-08-04,5293.028519574334,5312.416902429917,5234.863371007583,5273.64013671875,16646300,ASII.JK
2023-08-07,5293.028895596591,5351.194048295454,5234.863742897727,5331.8056640625,32608000,ASII.JK
2023-08-08,5312.41748046875,5351.19425039918,5293.029095503536,5312.41748046875,16515100,ASII.JK
2023-08-09,5312.417279829545,5331.8056640625,5293.028895596591,5331.8056640625,13781700,ASII.JK
2023-08-10,5312.416811342593,5331.805193865741,5234.86328125,5234.86328125,32076700,ASII.JK
2023-08-11,5234.86328125,5254.251663773148,5157.309751157408,5234.86328125,42320900,ASII.JK
2023-08-14,5196.086605296415,5273.64013671875,5196.086605296415,5273.64013671875,27616200,ASII.JK
2023-08-15,5215.47509765625,5254.251864181575,5176.698331130925,5215.47509765625,32385400,ASII.JK
2023-08-16,5176.698133680556,5234.86328125,5157.309751157408,5234.86328125,24913200,ASII.JK
2023-08-18,5176.69796717852,5196.086349078065,5040.9792938817045,5060.36767578125,69001300,ASII.JK
2023-08-21,5060.368567507239,5079.756952823359,4982.815026242761,5021.591796875,34702500,ASII.JK
2023-08-22,5002.203777284113,5118.534097686069,5002.203777284113,5079.75732421875,37704700,ASII.JK
2023-08-23,5079.75732421875,5118.534097686069,5060.368937485091,5079.75732421875,27624900,ASII.JK
2023-08-24,5079.756952823359,5118.533723455598,5021.591796875,5021.591796875,33278500,ASII.JK
2023-08-25,5021.5915092054265,5040.979893410853,4963.426356589147,5002.203125,35673300,ASII.JK
2023-08-28,5040.979602383269,5040.979602383269,4963.42607003891,4982.814453125,14871100,ASII.JK
2023-08-29,5002.20352935791,5002.20352935791,4944.038372039795,4963.4267578125,29937800,ASII.JK
2023-08-30,5002.203125,5060.368277616279,4963.426356589147,5002.203125,41993300,ASII.JK
2023-08-31,5002.203125,5021.5915092054265,4963.426356589147,5002.203125,44502000,ASII.JK
2023-09-01,5021.592164017772,5099.14571095241,5021.592164017772,5079.75732421875,26069500,ASII.JK
2023-09-04,5099.144819779829,5118.533203125,5060.368053089488,5118.533203125,17384000,ASII.JK
2023-09-05,5118.533203125,5157.309969815341,5079.756436434659,5118.533203125,23070700,ASII.JK
2023-09-06,5099.14443958034,5137.92120337943,5060.36767578125,5060.36767578125,18421300,ASII.JK
2023-09-07,5021.591915130615,5040.98030090332,4924.64998626709,4963.4267578125,49921600,ASII.JK
2023-09-08,5002.20352935791,5002.20352935791,4924.64998626709,4963.4267578125,32416900,ASII.JK
2023-09-11,4963.425980392157,4982.814363128064,4885.87244944853,4944.03759765625,33422100,ASII.JK
2023-09-12,4944.037214006697,4944.037214006697,4885.8720703125,4885.8720703125,30225600,ASII.JK
2023-09-13,4905.260451543899,4905.260451543899,4827.706926618303,4885.8720703125,40040900,ASII.JK
2023-09-14,4905.26123046875,4944.037999089056,4847.09607753829,4905.26123046875,40259300,ASII.JK
2023-09-15,4847.095307849702,4905.260451543899,4808.318545386905,4885.8720703125,132198700,ASII.JK
2023-09-18,4866.483689081101,4905.260451543899,4847.095307849702,4885.8720703125,35517300,ASII.JK
2023-09-19,4885.8726470226375,4944.037797582431,4866.484263502706,4924.6494140625,31439200,ASII.JK
2023-09-20,4924.648832775298,4963.425595238095,4885.8720703125,4885.8720703125,39764900,ASII.JK
2023-09-21,4885.872377457157,4905.260759907384,4808.31884765625,4808.31884765625,46231100,ASII.JK
2023-09-22,4808.31884765625,4866.483995006931,4788.930465206024,4808.31884765625,30610900,ASII.JK
2023-09-25,4827.707806640625,4866.484576171875,4808.319421875,4847.09619140625,32700500,ASII.JK
2023-09-26,4827.707230106477,4885.872377457157,4808.31884765625,4808.31884765625,43217400,ASII.JK
2023-09-27,4808.319248602642,4847.096016736535,4750.154096401804,4769.54248046875,31688400,ASII.JK
2023-09-29,4847.095412901606,4866.483794553213,4808.318649598394,4827.70703125,20902300,ASII.JK
2023-10-02,4866.48388671875,4924.64903277515,4847.095504699951,4866.48388671875,23884400,ASII.JK
2023-10-03,4866.483995006931,4866.483995006931,4808.31884765625,4808.31884765625,25350100,ASII.JK
2023-10-04,4788.930979536393,4808.31936406893,4691.989056873714,4711.37744140625,55496200,ASII.JK
2023-10-05,4750.154619019061,4788.931391419217,4672.60107421875,4672.60107421875,55924900,ASII.JK
2023-10-06,4691.989056873714,4769.542595003858,4691.989056873714,4711.37744140625,18104300,ASII.JK
2023-10-09,4769.542681760205,4827.707836415817,4730.765911989796,4750.154296875,43718300,ASII.JK
2023-10-10,4788.930686257102,4788.930686257102,4691.98876953125,4691.98876953125,36797700,ASII.JK
2023-10-11,4711.37715287642,4750.153919566761,4691.98876953125,4691.98876953125,45959600,ASII.JK
2023-10-12,4729.828321953782,4749.535939961922,4690.4130859375,4690.4130859375,71954600,ASII.JK
2023-10-13,4729.827732740586,4749.535348293672,4690.412501634414,4710.1201171875,32794800,ASII.JK
2023-10-16,4670.705372345753,4710.120607555422,4591.874901926416,4611.58251953125,52414600,ASII.JK
2023-10-17,4631.290137136084,4670.705372345753,4611.58251953125,4611.58251953125,40295600,ASII.JK
2023-10-18,4611.582127648873,4729.827823229613,4591.87451171875,4591.87451171875,53751300,ASII.JK
2023-10-19,4591.873910429175,4611.581523778657,4493.335843681768,4513.04345703125,60258300,ASII.JK
2023-10-20,4473.628809878701,4532.751657586348,4453.921193976151,4493.33642578125,56606100,ASII.JK
2023-10-23,4513.043437412806,4532.751050676618,4414.50537109375,4414.50537109375,57516800,ASII.JK
2023-10-24,4414.506061422414,4611.582224878772,4414.506061422414,4572.1669921875,57283100,ASII.JK
2023-10-25,4591.874213676948,4670.7046722808445,4552.458984375,4552.458984375,51542400,ASII.JK
2023-10-26,4552.458683730212,4572.166297079694,4473.628230332287,4513.04345703125,18969800,ASII.JK
2023-10-27,4532.751070380731,4552.458683730212,4513.04345703125,4513.04345703125,35328800,ASII.JK
2023-10-30,4532.751759496228,4591.874608533136,4473.628910459321,4572.1669921875,17820800,ASII.JK
2023-10-31,4611.581828327922,4650.99705762987,4552.458984375,4552.458984375,46118000,ASII.JK
2023-11-01,4650.997457570044,4729.827922952586,4572.1669921875,4572.1669921875,91836500,ASII.JK
2023-11-02,4611.582224878772,4650.997457570044,4572.1669921875,4572.1669921875,46166200,ASII.JK
2023-11-03,4611.581840903072,4670.704685017214,4591.874226198358,4650.9970703125,43395900,ASII.JK
2023-11-06,4670.705078125,4690.4126944883965,4650.997461761604,4670.705078125,29757300,ASII.JK
2023-11-07,4670.704975439244,4690.412591369367,4552.459279858503,4591.87451171875,30298200,ASII.JK
2023-11-08,4572.166297079694,4591.873910429175,4473.628230332287,4513.04345703125,38367700,ASII.JK
2023-11-09,4552.458589504076,4591.873815387228,4513.043363620924,4532.7509765625,20420100,ASII.JK
2023-11-10,4513.043755073052,4552.458984375,4513.043755073052,4552.458984375,15229800,ASII.JK
2023-11-13,4591.874200601494,4591.874200601494,4453.9208984375,4453.9208984375,24673700,ASII.JK
2023-11-14,4473.62841796875,4513.043646320897,4453.920803792676,4473.62841796875,12066000,ASII.JK
2023-11-15,4532.7509765625,4611.581428328804,4493.335750679347,4532.7509765625,34814300,ASII.JK
2023-11-16,4532.75166392838,4591.87451171875,4513.044047998256,4591.87451171875,17422800,ASII.JK
2023-11-17,4572.166889391448,4591.874505293997,4493.33642578125,4493.33642578125,27116700,ASII.JK
2023-11-20,4513.044143150592,4611.582224878772,4493.3365268049565,4572.1669921875,22940000,ASII.JK
2023-11-21,4572.166599025974,4611.581828327922,4532.751369724026,4552.458984375,17153300,ASII.JK
2023-11-22,4552.458874673045,4552.458874673045,4453.920803792676,4473.62841796875,36329500,ASII.JK
2023-11-23,4473.628809878701,4513.044041683799,4473.628809878701,4493.33642578125,43425400,ASII.JK
2023-11-24,4493.335843681768,4532.751070380731,4493.335843681768,4513.04345703125,9347300,ASII.JK
2023-11-27,4513.043838975695,4532.751453993055,4414.505763888888,4434.21337890625,63360900,ASII.JK
2023-11-28,4473.62890185107,4473.62890185107,4375.0908203125,4375.0908203125,86907600,ASII.JK
2023-11-29,4414.505656108598,4453.920885180995,4355.3828125,4355.3828125,75070800,ASII.JK
2023-11-30,4394.798531991464,4394.798531991464,4256.84521484375,4256.84521484375,161684600,ASII.JK
2023-12-01,4296.259621263587,4532.7509765625,4296.259621263587,4532.7509765625,145374400,ASII.JK
2023-12-04,4532.7509765625,4591.873815387228,4513.043363620924,4532.7509765625,57590700,ASII.JK
2023-12-05,4552.458683730212,4572.166297079694,4473.628230332287,4513.04345703125,25787200,ASII.JK
2023-12-06,4493.335843681768,4591.873910429175,4493.335843681768,4513.04345703125,41363700,ASII.JK
2023-12-07,4532.751260496971,4532.751260496971,4414.505575440528,4473.62841796875,40599000,ASII.JK
2023-12-08,4473.62841796875,4493.336032144824,4434.213189616602,4473.62841796875,26972000,ASII.JK
2023-12-11,4453.9205976213725,4473.628210885184,4355.382531302315,4414.50537109375,39510200,ASII.JK
2023-12-12,4473.628306299047,4473.628306299047,4375.090237878363,4394.7978515625,19272900,ASII.JK
2023-12-13,4375.090427036199,4414.505656108598,4355.3828125,4355.3828125,31196600,ASII.JK
2023-12-14,4414.505763888888,4453.920993923611,4394.798148871528,4434.21337890625,65510200,ASII.JK
2023-12-15,4434.213283842644,4493.336127627213,4414.505669247788,4453.9208984375,93580400,ASII.JK
2023-12-18,4453.9205976213725,4453.9205976213725,4375.090144566127,4414.50537109375,39134200,ASII.JK
2023-12-19,4434.21337890625,4453.920993923611,4414.505763888888,4434.21337890625,33668300,ASII.JK
2023-12-20,4453.920993923611,4493.336223958333,4434.21337890625,4434.21337890625,27178500,ASII.JK
2023-12-21,4414.506052927928,4414.506052927928,4315.967971389357,4375.0908203125,114749900,ASII.JK
2023-12-22,4375.0908203125,4414.506052927928,4335.675587697072,4375.0908203125,38055800,ASII.JK
2023-12-27,4375.0908203125,4394.798436620214,4335.675587697072,4375.0908203125,34332400,ASII.JK
2023-12-28,4394.797757829939,4414.50537109375,4375.090144566127,4414.50537109375,31643200,ASII.JK
2023-12-29,4414.505669247788,4473.628513032357,4394.798054652932,4453.9208984375,36245000,ASII.JK
2024-01-02,4434.213578073602,4493.33642578125,4394.798346268503,4493.33642578125,36479600,ASII.JK
2024-01-03,4493.335824148995,4493.335824148995,4414.50537109375,4414.50537109375,37187300,ASII.JK
2024-01-04,4414.5059621710525,4532.751657586348,4414.5059621710525,4493.33642578125,52008000,ASII.JK
2024-01-05,4513.043838975695,4532.751453993055,4434.21337890625,4434.21337890625,39167600,ASII.JK
2024-01-08,4434.213078930774,4473.628306299047,4375.090237878363,4394.7978515625,39614600,ASII.JK
2024-01-09,4414.505465246637,4414.505465246637,4355.382624194226,4394.7978515625,36777600,ASII.JK
2024-01-10,4335.675197963801,4394.798041572398,4296.259968891402,4355.3828125,75423900,ASII.JK
2024-01-11,4375.0908203125,4434.213669235642,4355.3832040047855,4375.0908203125,39941000,ASII.JK
2024-01-12,4375.090144566127,4434.212984357561,4375.090144566127,4414.50537109375,28821000,ASII.JK
2024-01-15,4414.505656108598,4414.505656108598,4335.675197963801,4355.3828125,79502600,ASII.JK
2024-01-16,4355.38290793679,4355.38290793679,4315.96767800071,4335.67529296875,44840900,ASII.JK
2024-01-17,4335.675681785301,4355.383298520688,4217.429981372975,4256.84521484375,114587100,ASII.JK
2024-01-18,4256.844821947674,4256.844821947674,4197.721977198401,4237.13720703125,71517600,ASII.JK
2024-01-19,4237.137302862149,4256.844918224299,4178.014456775701,4217.4296875,52865000,ASII.JK
2024-01-22,4217.429178192285,4276.552017138905,4118.89111328125,4118.89111328125,169967200,ASII.JK
2024-01-23,4059.7681592987806,4099.183384146341,4000.645322027439,4040.060546875,176612600,ASII.JK
2024-01-24,4059.768347829434,4079.475961168412,3925.756577124384,4000.6455078125,246293300,ASII.JK
2024-01-25,4000.645602084623,4059.768443494741,3961.230374477878,3980.93798828125,81025300,ASII.JK
2024-01-26,3980.937894473522,4000.6455078125,3933.639622459976,4000.6455078125,71861600,ASII.JK
2024-01-29,4000.6459673713234,4000.6459673713234,3870.575704392748,3886.341796875,132819200,ASII.JK
2024-01-30,3878.458685661765,4079.476361443015,3862.692593443628,4020.353515625,165689300,ASII.JK
2024-01-31,4040.060546875,4059.7681592987806,3980.937709603658,4040.060546875,79343600,ASII.JK
2024-02-01,4020.3529344512194,4079.475771722561,4000.645322027439,4040.060546875,55358600,ASII.JK
2024-02-02,4059.768857284331,4197.72216796875,4040.061241472271,4197.72216796875,104840200,ASII.JK
2024-02-05,4197.721757529438,4217.429371414553,4059.768460333635,4079.47607421875,88826000,ASII.JK
2024-02-06,4079.4762765066966,4158.306735956101,4059.768661644345,4138.59912109375,46257400,ASII.JK
2024-02-07,4138.59932053257,4197.72216796875,4138.59932053257,4197.72216796875,68376900,ASII.JK
2024-02-12,4178.01416015625,4217.429388082252,4118.891318267247,4178.01416015625,80552600,ASII.JK
2024-02-13,4178.014047475961,4178.014047475961,4059.768366887019,4099.18359375,63689100,ASII.JK
2024-02-15,4197.721446265244,4197.721446265244,4000.645322027439,4040.060546875,124120800,ASII.JK
2024-02-16,4040.060753455529,4099.18359375,4020.353140024038,4099.18359375,75502700,ASII.JK
2024-02-19,4099.183384146341,4138.598608993902,4000.645322027439,4040.060546875,89709800,ASII.JK
2024-02-20,4040.060753455529,4138.5988206129805,4040.060753455529,4099.18359375,41623800,ASII.JK
2024-02-21,4099.183891369048,4178.014350818453,4079.4762765066966,4138.59912109375,68374800,ASII.JK
2024-02-22,4158.30615234375,4178.013764440166,4158.30615234375,4158.30615234375,41938600,ASII.JK
2024-02-23,4138.598608993902,4158.3062214176825,4020.3529344512194,4040.060546875,81214600,ASII.JK
2024-02-26,4059.7681592987806,4099.183384146341,4000.645322027439,4040.060546875,50291500,ASII.JK
2024-02-27,4040.06084644852,4079.4760742187495,3980.938004793176,4079.47607421875,46555200,ASII.JK
2024-02-28,4197.721565210078,4276.552017138905,4099.183500299043,4118.89111328125,216020000,ASII.JK
2024-02-29,4138.598726263457,4178.013952227871,4099.183500299043,4118.89111328125,85412900,ASII.JK
2024-03-01,4118.89111328125,4158.306339245663,4059.768274334629,4118.89111328125,64835200,ASII.JK
2024-03-04,4138.5988206129805,4158.306434044471,4079.475980318509,4099.18359375,57118400,ASII.JK
2024-03-05,4118.891591988358,4118.891591988358,4020.353515625,4020.353515625,53172900,ASII.JK
2024-03-06,4040.06084644852,4099.183688103864,4020.3532325634055,4079.47607421875,29210000,ASII.JK
2024-03-07,4079.475771722561,4099.183384146341,4020.3529344512194,4040.060546875,55244400,ASII.JK
2024-03-08,4059.76806640625,4079.475678379096,4040.060454433404,4059.76806640625,39983000,ASII.JK
2024-03-13,4059.76806640625,4099.183290351942,4040.060454433404,4059.76806640625,63672300,ASII.JK
2024-03-14,4079.475703958087,4178.013764440166,4059.768091861671,4158.30615234375,79465800,ASII.JK
2024-03-15,4178.014143644324,4178.014143644324,4079.4760742187495,4079.47607421875,164222200,ASII.JK
2024-03-18,4099.183290351942,4138.598514297633,4059.76806640625,4059.76806640625,50943600,ASII.JK
2024-03-19,4059.768274334629,4138.598726263457,4059.768274334629,4118.89111328125,48398600,ASII.JK
2024-03-20,4118.890928150919,4158.30615234375,4118.890928150919,4158.30615234375,56191300,ASII.JK
2024-03-21,4178.014456775701,4256.844918224299,4158.306841413551,4217.4296875,67351800,ASII.JK
2024-03-22,4237.13720703125,4237.13720703125,4197.721977198401,4237.13720703125,46341000,ASII.JK
2024-03-25,4276.552533586449,4276.552533586449,4197.722072137851,4217.4296875,39759600,ASII.JK
2024-03-26,4237.137002045254,4237.137002045254,4138.598932230248,4178.01416015625,57175300,ASII.JK
2024-03-27,4178.013764440166,4197.721376536582,4138.598540247334,4158.30615234375,47174800,ASII.JK
2024-03-28,4158.30612627048,4158.30612627048,4020.3528424605583,4059.76806640625,107123600,ASII.JK
2024-04-01,4079.475980318509,4118.89120718149,4059.768366887019,4099.18359375,42828200,ASII.JK
2024-04-02,4118.890928150919,4158.30615234375,4079.475703958087,4158.30615234375,41029100,ASII.JK
2024-04-03,4158.306735956101,4158.306735956101,4099.183891369048,4138.59912109375,39260600,ASII.JK
2024-04-04,4138.598915874094,4138.598915874094,4059.768460333635,4079.47607421875,48395600,ASII.JK
2024-04-05,4059.768091861671,4197.721376536582,4059.768091861671,4158.30615234375,59190300,ASII.JK
2024-04-16,4079.476361443015,4118.891591988358,4020.353515625,4020.353515625,137258300,ASII.JK
2024-04-17,4059.7681592987806,4079.475771722561,4020.3529344512194,4040.060546875,47211000,ASII.JK
2024-04-18,4059.768746170343,4059.768746170343,3980.938285079657,4020.353515625,81583700,ASII.JK
2024-04-19,3980.9375647720026,4000.6451764787935,3839.0427604830993,3862.69189453125,185008500,ASII.JK
2024-04-22,3894.224863873106,3933.6400952888257,3894.224863873106,3902.10791015625,57689200,ASII.JK
2024-04-23,3933.639808768657,4000.645697294776,3933.639808768657,3961.23046875,49438000,ASII.JK
2024-04-24,3941.5223535355135,3980.937577070869,3870.574951171875,3870.574951171875,65796800,ASII.JK
2024-04-25,3870.5757250236734,3925.757049005682,3870.5757250236734,3902.10791015625,52139300,ASII.JK
2024-04-26,3925.7564767305967,3925.7564767305967,3846.926025390625,3846.926025390625,70877700,ASII.JK
2024-04-29,3878.4584888059694,3980.938083022388,3862.69239738806,3961.23046875,68303100,ASII.JK
2024-04-30,3980.937618514866,4118.890902324788,3925.756304990898,4059.76806640625,142632100,ASII.JK
2024-05-02,4118.89130198898,4158.306529759208,4079.4760742187495,4079.47607421875,100889100,ASII.JK
2024-05-03,4118.89111328125,4138.598726263457,4099.183500299043,4118.89111328125,44094400,ASII.JK
2024-05-06,4138.59920726103,4138.59920726103,4000.6459003523287,4020.353515625,70400000,ASII.JK
2024-05-07,4020.3532158879952,4040.060829691368,3961.230374477878,3980.93798828125,58780600,ASII.JK
2024-05-08,4000.645322027439,4059.7681592987806,3941.5224847560976,4040.060546875,86738900,ASII.JK
2024-05-13,4059.768347829434,4079.475961168412,4000.6455078125,4000.6455078125,143316000,ASII.JK
2024-05-14,4022.996123601256,4031.592269164506,3937.03466796875,3937.03466796875,264535600,ASII.JK
2024-05-15,3928.4377985737447,3971.418518470613,3894.05322265625,3894.05322265625,109962400,ASII.JK
2024-05-16,3945.630442625398,4057.380324442675,3902.6497188495214,4048.7841796875,149039700,ASII.JK
2024-05-17,4048.784112548829,4134.74555867513,4031.591823323568,4126.1494140625,101492400,ASII.JK
2024-05-20,4126.149376977848,4151.93781058396,4065.976365230256,4074.572509765625,58021800,ASII.JK
2024-05-21,4083.168711560838,4100.361000872673,4040.18798828125,4040.18798828125,57558000,ASII.JK
2024-05-22,4057.380324442675,4065.9764691978494,4040.1880349323246,4048.7841796875,25932300,ASII.JK
2024-05-27,4040.188272664835,4057.380563186813,3911.24609375,3911.24609375,86050000,ASII.JK
2024-05-28,3919.841805536308,3954.226382777855,3876.861083984375,3876.861083984375,42542400,ASII.JK
2024-05-29,4126.149541059417,4126.149541059417,3756.5153113395113,3833.880615234375,148814900,ASII.JK
2024-05-30,3825.284302322953,3825.284302322953,3704.938279328522,3713.534423828125,112636300,ASII.JK
2024-05-31,3730.727064439467,3756.515500368772,3687.746337890625,3687.746337890625,144592700,ASII.JK
2024-06-03,3722.130675998264,3894.0535709635415,3722.130675998264,3868.26513671875,77444200,ASII.JK
2024-06-04,3876.861649025996,3980.0153957850025,3851.073212336245,3937.03466796875,92676800,ASII.JK
2024-06-05,3919.841983695652,3988.611141304348,3911.245838994565,3954.2265625,65856400,ASII.JK
2024-06-06,3971.418662623355,3971.418662623355,3894.053364000822,3919.841796875,43632400,ASII.JK
2024-06-07,3911.245652583608,3928.437941166392,3894.053364000822,3919.841796875,34027900,ASII.JK
2024-06-10,3919.841805536308,3919.841805536308,3868.264939673989,3876.861083984375,19932200,ASII.JK
2024-06-11,3868.265170393319,3868.265170393319,3739.322998046875,3739.322998046875,71234400,ASII.JK
2024-06-12,3739.322557361848,3790.899420222011,3687.745694501684,3747.918701171875,65665400,ASII.JK
2024-06-13,3790.89989084834,3851.0729049887896,3782.303745971132,3833.880615234375,55824400,ASII.JK
2024-06-14,3851.0729638009047,3894.0536888433257,3790.899948741516,3799.49609375,57967500,ASII.JK
2024-06-19,3825.2841796875,3876.861045031601,3799.4957470154495,3825.2841796875,48727600,ASII.JK
2024-06-20,3816.688035463483,3842.4764681355337,3747.918881671348,3825.2841796875,35160300,ASII.JK
2024-06-21,3825.284366735106,3894.053523889894,3790.899788157712,3859.6689453125,98313200,ASII.JK
2024-06-24,3851.073010722348,3868.265300948786,3790.899994929811,3808.09228515625,36677200,ASII.JK
2024-06-25,3816.688290127841,3816.688290127841,3747.919131747159,3782.3037109375,50385000,ASII.JK
2024-06-26,3782.303803733032,3825.2845287754526,3756.515368707579,3799.49609375,38397100,ASII.JK
2024-06-27,3808.09228515625,3816.688430269469,3782.303849816591,3808.09228515625,21784700,ASII.JK
2024-06-28,3808.0921806027536,3919.8420640064464,3808.0921806027536,3833.880615234375,127293900,ASII.JK
2024-07-01,3859.6688242990735,3971.418701171875,3859.6688242990735,3971.418701171875,141627300,ASII.JK
2024-07-02,3962.822374491239,3971.418518470613,3876.860934697503,3894.05322265625,72229800,ASII.JK
2024-07-03,3911.2456994922727,3937.0341326757375,3885.457266308808,3928.43798828125,30743200,ASII.JK
2024-07-04,3937.034529532967,3962.822965315934,3911.24609375,3911.24609375,44755400,ASII.JK
2024-07-05,3928.4385224055,3962.8231046585015,3902.650085715748,3937.03466796875,53196500,ASII.JK
2024-07-08,3954.226505674165,3988.611083984375,3919.841927363954,3988.611083984375,69535000,ASII.JK
2024-07-09,3971.418662623355,3971.418662623355,3902.649508292215,3919.841796875,84784500,ASII.JK
2024-07-10,3928.438092067903,3937.034236689496,3885.4573689599392,3902.649658203125,44563900,ASII.JK
2024-07-11,3911.2456612259216,3954.226382777855,3868.264939673989,3876.861083984375,71140800,ASII.JK
2024-07-12,3876.8612243383454,3928.438092067903,3868.265079716754,3902.649658203125,54299700,ASII.JK
2024-07-15,3902.649325582005,3911.245469470952,3833.880174470428,3842.476318359375,53234000,ASII.JK
2024-07-16,3851.0727739726026,3859.6689185573614,3765.111328125,3765.111328125,83814800,ASII.JK
2024-07-17,3799.496035725547,3842.4767601115823,3782.303745971132,3833.880615234375,49379700,ASII.JK
2024-07-18,3842.4766458519753,3902.649658203125,3833.880501230383,3902.649658203125,54184300,ASII.JK
2024-07-19,3885.457078676876,3902.649366635624,3851.072502759382,3894.05322265625,40785800,ASII.JK
2024-07-22,3894.053664485965,3902.64980944068,3851.072939712389,3885.45751953125,33128600,ASII.JK
2024-07-23,3876.861045031601,3894.053333479635,3825.2841796875,3825.2841796875,46427300,ASII.JK
2024-07-24,3842.476358780009,3919.841654594371,3833.880214800635,3894.05322265625,50741700,ASII.JK
2024-07-25,3894.053523889894,3894.053523889894,3825.284366735106,3859.6689453125,40364400,ASII.JK
2024-07-26,3868.265399394997,3971.419143378864,3868.265399394997,3962.822998046875,92236800,ASII.JK
2024-07-29,3971.419143378864,3980.015288710853,3937.034562050908,3962.822998046875,42232800,ASII.JK
2024-07-30,3962.822670554274,3962.822670554274,3885.4573689599392,3902.649658203125,40995800,ASII.JK
2024-07-31,3971.418922553628,4065.976515947762,3945.630487991592,4057.38037109375,170406600,ASII.JK
2024-08-01,4040.187931624143,4074.572509765625,4005.803353482661,4074.572509765625,50775700,ASII.JK
2024-08-02,4048.784576350946,4074.57301314299,4014.3999939615537,4031.59228515625,47509800,ASII.JK
2024-08-05,3988.61095120614,3997.207095497533,3885.457219709429,3919.841796875,93952300,ASII.JK
2024-08-06,3954.226852714886,3971.419143378864,3902.649980722953,3962.822998046875,56748800,ASII.JK
2024-08-07,3954.2269442663337,3980.015380859375,3919.84236214228,3980.015380859375,72464900,ASII.JK
2024-08-08,3971.418775341179,4083.168654300996,3954.226486270438,4074.572509765625,116387300,ASII.JK
2024-08-09,4091.764892578125,4117.553326775046,4065.976458381204,4091.764892578125,44489500,ASII.JK
2024-08-12,4091.764892578125,4108.957182042739,4057.380313648897,4091.764892578125,34027600,ASII.JK
2024-08-13,4126.149471507353,4126.149471507353,4074.572603113511,4091.764892578125,43904800,ASII.JK
2024-08-14,4126.14934815951,4237.899226338829,4100.360914733513,4203.5146484375,91874600,ASII.JK
2024-08-15,4203.5146484375,4229.303081863497,4160.533926060839,4203.5146484375,46694800,ASII.JK
2024-08-16,4212.110681668134,4289.475979902855,4212.110681668134,4272.28369140625,65502100,ASII.JK
2024-08-19,4272.283706467661,4341.052860696517,4246.495273631841,4319.5625,54296700,ASII.JK
2024-08-20,4341.053325076219,4427.014777057927,4319.562962080792,4405.5244140625,94493800,ASII.JK
2024-08-21,4427.014047105911,4491.485125461823,4362.54296875,4362.54296875,94502800,ASII.JK
2024-08-22,4319.562136230468,4341.052495117187,4289.475633789062,4298.07177734375,63177200,ASII.JK
2024-08-23,4341.0529689414825,4448.504775103401,4341.0529689414825,4384.03369140625,52275100,ASII.JK
2024-08-26,4405.524286066444,4469.995373179611,4405.524286066444,4427.0146484375,30540900,ASII.JK
2024-08-27,4427.0146484375,4448.505010808555,4362.543561324333,4427.0146484375,30475700,ASII.JK
2024-08-28,4427.014303482587,4427.014303482587,4298.072139303483,4319.5625,64090900,ASII.JK
2024-08-29,4341.052609298029,4362.54296875,4298.071890394089,4362.54296875,42502100,ASII.JK
2024-08-30,4362.543330173867,4405.524052638633,4319.562607709099,4384.03369140625,74429400,ASII.JK
2024-09-02,4384.033672626202,4491.485478327824,4384.033672626202,4469.9951171875,84858600,ASII.JK
2024-09-03,4491.485866044207,4491.485866044207,4405.5244140625,4405.5244140625,34864300,ASII.JK
2024-09-04,4341.0537109375,4384.034440748762,4319.563346031869,4341.0537109375,45331200,ASII.JK
2024-09-05,4362.54296875,4405.52368765394,4341.052609298029,4362.54296875,34711100,ASII.JK
2024-09-06,4341.0537109375,4405.524805654393,4341.0537109375,4341.0537109375,32014300,ASII.JK
2024-09-09,4341.052860696517,4384.0335820895525,4298.072139303483,4319.5625,55466500,ASII.JK
2024-09-10,4362.543221393035,4384.0335820895525,4298.072139303483,4319.5625,58871700,ASII.JK
2024-09-11,4319.5625,4341.052860696517,4298.072139303483,4319.5625,27381100,ASII.JK
2024-09-12,4319.5625,4362.543221393035,4319.5625,4319.5625,24718300,ASII.JK
2024-09-13,4319.562249846059,4362.54296875,4319.562249846059,4362.54296875,24921900,ASII.JK
2024-09-17,4362.54296875,4384.03332820197,4319.562249846059,4362.54296875,35574000,ASII.JK
2024-09-18,4384.033426339285,4534.465945870536,4362.54306640625,4512.9755859375,123540100,ASII.JK
2024-09-19,4534.46630859375,4534.46630859375,4469.99522363744,4534.46630859375,57254000,ASII.JK
2024-09-20,4534.466565583882,4534.466565583882,4469.995476973684,4491.48583984375,47509500,ASII.JK
2024-09-23,4512.976202713816,4534.466565583882,4491.48583984375,4491.48583984375,23362800,ASII.JK
2024-09-24,4512.975946941647,4534.46630859375,4491.485585289543,4534.46630859375,43482600,ASII.JK
2024-09-25,4555.956928453948,4555.956928453948,4427.0147512335525,4491.48583984375,63437200,ASII.JK
2024-09-26,4512.9755859375,4534.465945870536,4448.504506138393,4512.9755859375,56030300,ASII.JK
2024-09-27,4534.466220032935,4534.466220032935,4341.0529689414825,4384.03369140625,57476200,ASII.JK
2024-09-30,4384.034440748762,4384.034440748762,4298.072981126237,4341.0537109375,66737800,ASII.JK
2024-10-01,4384.033797554348,4448.5048828125,4362.54343580163,4448.5048828125,39024000,ASII.JK
2024-10-02,4427.0146484375,4427.0146484375,4341.0531989532765,4427.0146484375,39888600,ASII.JK
2024-10-03,4448.504506138393,4512.9755859375,4384.033426339285,4512.9755859375,56763900,ASII.JK
2024-10-04,4512.976097921723,4512.976097921723,4384.033923695388,4427.0146484375,35939300,ASII.JK
2024-10-07,4427.0144138710175,4448.504775103401,4362.543330173867,4384.03369140625,27889100,ASII.JK
2024-10-08,4384.034025493422,4491.48583984375,4362.543662623356,4491.48583984375,42347600,ASII.JK
2024-10-09,4491.485125461823,4491.485125461823,4362.54296875,4362.54296875,33544900,ASII.JK
2024-10-10,4384.034051067073,4405.5244140625,4362.543688071646,4405.5244140625,27734400,ASII.JK
2024-10-11,4405.52368765394,4427.014047105911,4362.54296875,4362.54296875,39320000,ASII.JK
2024-10-14,4404.617568319758,4404.617568319758,4312.580783310092,4321.34619140625,71369100,ASII.JK
2024-10-15,4321.34619140625,4356.407823790885,4295.049967117774,4321.34619140625,61263600,ASII.JK
2024-10-16,4338.877169701361,4347.642578125,4295.050127583166,4347.642578125,80530100,ASII.JK
2024-10-17,4338.876953125,4356.407769097223,4321.346137152777,4338.876953125,54164800,ASII.JK
2024-10-18,4347.642197027439,4347.642197027439,4312.58056640625,4312.58056640625,39805400,ASII.JK
2024-10-21,4338.876795151655,4470.35791015625,4321.345979817708,4470.35791015625,88954300,ASII.JK
2024-10-22,4492.271329328347,4623.75244140625,4470.357810648697,4623.75244140625,132222000,ASII.JK
2024-10-23,4623.752496683373,4645.666015625,4536.098420916863,4645.666015625,64519100,ASII.JK
2024-10-24,4645.6659600859,4645.6659600859,4558.011885367298,4623.75244140625,50777100,ASII.JK
2024-10-25,4623.752329265101,4623.752329265101,4558.011774820574,4579.92529296875,27247500,ASII.JK
2024-10-28,4601.8388671875,4601.8388671875,4492.271275111607,4601.8388671875,40165900,ASII.JK
2024-10-29,4601.839081554878,4601.839081554878,4492.271484375,4492.271484375,45247600,ASII.JK
2024-10-30,4492.271646352915,4558.01220703125,4426.531085674579,4558.01220703125,33200300,ASII.JK
2024-10-31,4645.666063495711,4645.666063495711,4470.35791015625,4470.35791015625,77263000,ASII.JK
2024-11-01,4492.271373729987,4536.098411522476,4426.530817041256,4448.4443359375,54219100,ASII.JK
2024-11-04,4448.444445503049,4492.271484375,4365.173071646342,4492.271484375,52362100,ASII.JK
2024-11-05,4492.271592881944,4558.012152777777,4448.444552951389,4536.0986328125,31165800,ASII.JK
2024-11-06,4536.09885519802,4536.09885519802,4404.617728960397,4426.53125,32975900,ASII.JK
2024-11-07,4426.531142578125,4448.4446630859375,4382.7041015625,4382.7041015625,46053500,ASII.JK
2024-11-08,4426.531253937752,4448.444774996849,4338.877169701361,4347.642578125,32828900,ASII.JK
2024-11-11,4347.642306966801,4373.938530597648,4251.22282032036,4356.40771484375,49885000,ASII.JK
2024-11-12,4382.703938474598,4382.703938474598,4321.346083335953,4356.40771484375,43239600,ASII.JK
2024-11-13,4382.704155006219,4404.61767578125,4338.877113456157,4404.61767578125,24479600,ASII.JK
2024-11-14,4404.617513020833,4404.617513020833,4321.346137152777,4338.876953125,38255700,ASII.JK
2024-11-15,4330.111328125,4347.642143218624,4312.5805130313765,4330.111328125,14867600,ASII.JK
2024-11-18,4338.877007598568,4356.407823790885,4303.815375213932,4321.34619140625,17408700,ASII.JK
2024-11-19,4321.346083335953,4356.40771484375,4295.0498597051055,4356.40771484375,36816800,ASII.JK
2024-11-20,4356.407876953125,4404.617622070313,4338.877060546875,4382.7041015625,18634300,ASII.JK
2024-11-21,4373.938252891743,4373.938252891743,4286.2841796875,4286.2841796875,27662900,ASII.JK
2024-11-22,4295.04953419361,4347.6419774694505,4259.98790534305,4303.81494140625,21241800,ASII.JK
2024-11-25,4338.876953125,4536.0986328125,4330.111545138889,4536.0986328125,84518400,ASII.JK
2024-11-26,4514.18505859375,4558.012097997573,4470.358019189927,4514.18505859375,45059300,ASII.JK
2024-11-28,4558.012042682927,4579.925562118902,4492.271484375,4492.271484375,30554200,ASII.JK
2024-11-29,4492.271429323683,4492.271429323683,4404.617352653952,4470.35791015625,48756800,ASII.JK
2024-12-02,4470.357848873988,4514.184886608046,4295.049697937753,4330.111328125,47373200,ASII.JK
2024-12-03,4365.173071646342,4492.271484375,4356.407663871951,4492.271484375,46752800,ASII.JK
2024-12-04,4470.357702227871,4579.92529296875,4448.444184079694,4579.92529296875,51733400,ASII.JK
2024-12-05,4579.925727257362,4579.925727257362,4492.271646352915,4558.01220703125,21948400,ASII.JK
2024-12-06,4514.18505859375,4536.098578295661,4426.530979786105,4514.18505859375,36599600,ASII.JK
2024-12-09,4514.184738524223,4579.92529296875,4470.357702227871,4579.92529296875,37208600,ASII.JK
2024-12-10,4558.011774820574,4579.92529296875,4514.184738524223,4579.92529296875,41536400,ASII.JK
2024-12-11,4536.098311941964,4601.8388671875,4536.098311941964,4601.8388671875,41090000,ASII.JK
2024-12-12,4514.184948491115,4579.925505993413,4426.530871821385,4470.35791015625,37254100,ASII.JK
2024-12-13,4470.357964939024,4514.185003810975,4426.530926067073,4492.271484375,27732300,ASII.JK
2024-12-16,4448.444445503049,4514.185003810975,4382.703887195122,4492.271484375,35937800,ASII.JK
2024-12-17,4470.358239599021,4514.185281163717,4338.877114904933,4365.17333984375,48682400,ASII.JK
2024-12-18,4365.17328515625,4426.531142578125,4347.64246875,4382.7041015625,27412000,ASII.JK
2024-12-19,4338.876898093302,4338.876898093302,4259.988227218878,4277.51904296875,39151900,ASII.JK
2024-12-20,4277.518825397844,4295.049640256032,4251.222603110562,4268.75341796875,44851200,ASII.JK
2024-12-23,4295.049913194444,4338.876953125,4268.753689236111,4338.876953125,29678900,ASII.JK
2024-12-24,4330.111490218365,4365.1731217181095,4277.51904296875,4277.51904296875,22600500,ASII.JK
2024-12-27,4286.284559021615,4330.111599502408,4277.519150925456,4321.34619140625,14456700,ASII.JK
2024-12-30,4321.346027981505,4330.111435746173,4277.518989158163,4295.0498046875,23926400,ASII.JK
2025-01-02,4303.815321180556,4356.407769097223,4295.049913194444,4338.876953125,17924000,ASII.JK
2025-01-03,4338.876953125,4356.407769097223,4312.580729166667,4338.876953125,12711800,ASII.JK
2025-01-06,4338.876953125,4382.703993055556,4259.98828125,4259.98828125,18412500,ASII.JK
2025-01-07,4259.988120474466,4312.58056640625,4251.222712819169,4312.58056640625,20452200,ASII.JK
2025-01-08,4277.518987136175,4303.81521041775,4216.1611328125,4216.1611328125,23739400,ASII.JK
2025-01-09,4233.692110444663,4338.877007598568,4233.692110444663,4321.34619140625,23802600,ASII.JK
2025-01-10,4330.111435746173,4347.64225127551,4259.988173628826,4295.0498046875,31951800,ASII.JK
2025-01-13,4303.814872532895,4312.580279605263,4137.272138157895,4163.568359375,46247300,ASII.JK
2025-01-14,4181.099173519737,4251.222430098684,4163.568359375,4163.568359375,28096700,ASII.JK
2025-01-15,4198.630214922824,4330.111328125,4189.864807376012,4330.111328125,27497200,ASII.JK
2025-01-16,4404.617457155321,4404.617457155321,4277.51904296875,4277.51904296875,30520200,ASII.JK
2025-01-17,4259.988067750506,4356.407550765435,4242.457252656883,4330.111328125,23691900,ASII.JK
2025-01-20,4330.11116304417,4347.6419774694505,4295.04953419361,4303.81494140625,11873200,ASII.JK
2025-01-21,4321.34575583153,4356.40738468209,4295.04953419361,4303.81494140625,21762200,ASII.JK
2025-01-22,4312.580944430443,4365.173394972278,4277.519310735887,4347.642578125,33116700,ASII.JK
2025-01-23,4347.64225127551,4365.173066804847,4295.0498046875,4295.0498046875,17049700,ASII.JK
2025-01-24,4295.049640256032,4347.642084830595,4268.75341796875,4268.75341796875,19663900,ASII.JK
2025-01-30,4268.753412861205,4268.753412861205,4189.86474609375,4189.86474609375,28147100,ASII.JK
2025-01-31,4198.630100504557,4242.457137044271,4198.630100504557,4207.3955078125,27064100,ASII.JK
2025-02-03,4207.395614495798,4207.395614495798,4154.8031693146,4172.333984375,33116100,ASII.JK
2025-02-04,4181.099285888672,4242.457137044271,4172.333878580729,4207.3955078125,20631500,ASII.JK
2025-02-05,4251.222706726332,4251.222706726332,4146.037815013516,4154.80322265625,20436200,ASII.JK
2025-02-06,4154.80349845467,4154.80349845467,3961.964517513736,3988.2607421875,61645400,ASII.JK
2025-02-07,4040.8531622773858,4093.44561124412,3970.7298969884073,4075.914794921875,33223300,ASII.JK
2025-02-10,4040.853136325561,4075.914768744872,3961.964463382112,4005.79150390625,40230000,ASII.JK
2025-02-11,4023.322211606901,4075.914658817449,4005.791395870052,4040.85302734375,32956400,ASII.JK
2025-02-12,4102.211046942349,4102.211046942349,4049.618597622575,4067.1494140625,30762900,ASII.JK
2025-02-13,4067.149359576181,4093.445583883785,4014.556910960971,4084.68017578125,21320200,ASII.JK
2025-02-14,4084.680121527778,4146.037977430556,4067.149305555556,4102.2109375,31409000,ASII.JK
2025-02-17,4102.210776799842,4189.864853227189,4093.445369157107,4154.80322265625,30270200,ASII.JK
2025-02-18,4154.803063964844,4242.457137044271,4154.803063964844,4207.3955078125,31828200,ASII.JK
2025-02-19,4224.926593666888,4242.4574094082445,4040.8530283826462,4119.74169921875,47951400,ASII.JK
2025-02-20,4119.742131637315,4154.803766800185,4075.915087683726,4137.27294921875,23653800,ASII.JK
2025-02-21,4154.802952302632,4207.395394736842,4032.0872532894737,4163.568359375,31937400,ASII.JK
2025-02-24,4163.568738572141,4181.099554313497,4084.680067736037,4119.74169921875,22303600,ASII.JK
2025-02-25,4128.507245515522,4163.568878173828,3988.2607148822985,3997.026123046875,42728600,ASII.JK
2025-02-26,3997.0260686749457,4032.0877008563048,3961.9644364935866,4014.556884765625,19351300,ASII.JK
2025-02-27,3988.260633680556,4023.322265625,3926.902777777778,4023.322265625,37731000,ASII.JK
2025-02-28,4075.914630005691,4075.914630005691,3830.4832114247033,3970.729736328125,70620000,ASII.JK
2025-03-03,3970.7298177083335,4137.272569444444,3944.43359375,4102.2109375,65345600,ASII.JK
2025-03-04,4102.211154051172,4119.741970948828,4023.322478011727,4110.9765625,40873900,ASII.JK
2025-03-05,4119.741649394133,4295.0498046875,4110.976241629464,4295.0498046875,86703900,ASII.JK
2025-03-06,4295.0498046875,4347.64225127551,4259.988173628826,4295.0498046875,51276300,ASII.JK
2025-03-07,4295.049967117774,4356.407823790885,4198.630478060028,4321.34619140625,59830500,ASII.JK
2025-03-10,4295.049411605739,4295.049411605739,4163.568307168829,4181.09912109375,53139600,ASII.JK
2025-03-11,4137.272249348958,4207.3955078125,4119.741434733073,4207.3955078125,35571600,ASII.JK
2025-03-12,4172.334094009875,4233.69194833355,4154.8032784888255,4216.1611328125,29264500,ASII.JK
2025-03-13,4198.630040755484,4216.160855121895,4102.210561740222,4146.03759765625,41066600,ASII.JK
2025-03-14,4146.03814406622,4146.03814406622,4040.853244005344,4049.61865234375,35967600,ASII.JK
2025-03-17,4084.680285697376,4093.445694035782,4040.853244005344,4049.61865234375,23856300,ASII.JK
2025-03-18,4058.383978599631,4075.914794921875,3909.372039860552,4075.914794921875,66583100,ASII.JK
2025-03-19,4075.9149287046894,4119.741970948828,4040.8532949093815,4110.9765625,37556400,ASII.JK
2025-03-20,4110.9765075554005,4163.568957545449,4067.149465897028,4128.50732421875,23310500,ASII.JK
2025-03-21,4137.2721461776855,4242.45703125,4058.38348237345,4242.45703125,57730500,ASII.JK
2025-03-24,4189.865238539445,4189.865238539445,3979.495435767591,4110.9765625,29695400,ASII.JK
2025-03-25,4119.741835727486,4119.741835727486,4040.8531622773858,4075.914794921875,26320300,ASII.JK
2025-03-26,4084.6798055013023,4242.457137044271,4084.6798055013023,4207.3955078125,30508200,ASII.JK
2025-03-27,4207.395674542683,4312.58056640625,4198.630266887386,4312.58056640625,44551200,ASII.JK
2025-04-08,4207.3956298828125,4207.3956298828125,3900.6063652038574,3926.902587890625,94752400,ASII.JK
2025-04-09,3926.902935606061,4084.680285697376,3918.137527267654,4049.61865234375,46086300,ASII.JK
2025-04-10,4163.568957545449,4242.457632530521,4110.9765075554005,4128.50732421875,43115600,ASII.JK
2025-04-11,4084.680282560377,4154.803549213774,4049.618649233679,4128.50732421875,31446100,ASII.JK
2025-04-14,4154.803437579234,4321.34619140625,4128.507213290758,4321.34619140625,39843200,ASII.JK
2025-04-15,4321.345862543313,4338.876677401501,4207.395565965092,4268.75341796875,56488100,ASII.JK
2025-04-16,4251.222598023993,4259.988005442599,4110.976079326294,4189.86474609375,44479500,ASII.JK
2025-04-17,4181.099173519737,4181.099173519737,4128.506731085527,4163.568359375,28099700,ASII.JK
2025-04-21,4163.568739602361,4216.161186839444,4154.803331729515,4198.63037109375,14313200,ASII.JK
2025-04-22,4163.568630298985,4189.864853227189,4137.2724073707805,4154.80322265625,29906300,ASII.JK
2025-04-23,4181.099233540263,4242.457083927646,4181.099233540263,4224.92626953125,38609800,ASII.JK
2025-04-24,4233.691562868515,4242.456969830975,4181.09912109375,4181.09912109375,42307000,ASII.JK
2025-04-25,4198.630425347223,4303.815321180556,4198.630425347223,4259.98828125,45465200,ASII.JK
2025-04-28,4277.518772367076,4321.345808969198,4268.753365046651,4286.2841796875,22380800,ASII.JK
2025-04-29,4303.81498819987,4303.81498819987,4207.3955078125,4207.3955078125,46881000,ASII.JK
2025-04-30,4207.3955078125,4242.457137044271,4189.864693196615,4207.3955078125,46038900,ASII.JK
2025-05-02,4216.161186839444,4259.98822620368,4172.334147475209,4198.63037109375,61301400,ASII.JK
2025-05-05,4207.395560930962,4216.160968349568,4181.099338675143,4189.86474609375,30747900,ASII.JK
2025-05-06,4189.864580592105,4207.395394736842,4163.568359375,4163.568359375,53222000,ASII.JK
2025-05-07,4189.864856285585,4242.457302180383,4181.099448636452,4233.69189453125,47790800,ASII.JK
2025-05-08,4259.988005442599,4321.345857372842,4189.86474609375,4189.86474609375,92459500,ASII.JK
2025-05-09,4198.630153512356,4233.69178318678,4189.86474609375,4189.86474609375,38964000,ASII.JK
2025-05-14,4259.988171615125,4277.518987136175,4207.395725051975,4216.1611328125,92389200,ASII.JK
2025-05-15,4224.92626953125,4251.222491125843,4216.160862333052,4224.92626953125,69701600,ASII.JK
2025-05-16,4242.457411469006,4277.51904296875,4216.161187844198,4277.51904296875,64271600,ASII.JK
2025-05-19,4286.284290390941,4347.642143218624,4277.51888284413,4330.111328125,97782400,ASII.JK
2025-05-20,4347.642361111111,4347.642361111111,4259.98828125,4259.98828125,127610600,ASII.JK
2025-05-21,4304.908972664614,4389.135452564575,4276.833479364628,4370.41845703125,115335300,ASII.JK
2025-05-22,4379.776862850972,4407.852355561555,4332.984375,4332.984375,52032700,ASII.JK
2025-05-23,4464.003226364715,4473.36172369462,4426.569237045095,4435.927734375,42300400,ASII.JK
2025-05-26,4464.00332609342,4473.361823632399,4389.13534578158,4426.5693359375,40971400,ASII.JK
2025-05-27,4407.852638796542,4426.569635139627,4361.06014793883,4398.494140625,38680100,ASII.JK
2025-05-28,4407.852608529317,4538.87158203125,4361.060117992913,4538.87158203125,188036300,ASII.JK
2025-06-02,4473.36181640625,4492.078811453975,4426.569328786938,4473.36181640625,115876200,ASII.JK
2025-06-03,4445.286631482712,4454.645129654256,4351.701649767288,4398.494140625,51574100,ASII.JK
2025-06-04,4454.645048129067,4454.645048129067,4314.267578125,4314.267578125,55901000,ASII.JK
2025-06-05,4342.343072125814,4370.4185661266265,4314.267578125,4314.267578125,38381400,ASII.JK
2025-06-10,4370.418171492866,4370.418171492866,4304.90869140625,4304.90869140625,60469600,ASII.JK
2025-06-11,4314.267578125,4332.984574125542,4286.192084124186,4314.267578125,50550100,ASII.JK
2025-06-12,4314.267094126919,4323.625591077303,4267.474609375,4267.474609375,54629900,ASII.JK
2025-06-13,4286.191993897019,4304.908989503556,4267.474998290481,4276.83349609375,38510500,ASII.JK
2025-06-16,4276.833586123916,4332.984574125542,4267.475088123644,4314.267578125,29939400,ASII.JK
2025-06-17,4342.342680027174,4342.342680027174,4295.550194251019,4304.90869140625,29978400,ASII.JK
2025-06-18,4314.267287709355,4323.625785079657,4295.55029296875,4295.55029296875,19386900,ASII.JK
2025-06-19,4295.550399679222,4304.908897282009,4211.323921254139,4239.3994140625,30832700,ASII.JK
2025-06-20,4239.399321626183,4239.399321626183,4192.606834632516,4201.96533203125,50116600,ASII.JK
2025-06-23,4183.248443672404,4183.248443672404,4117.738960214447,4145.814453125,28820000,ASII.JK
2025-06-24,4183.24853515625,4211.324028680789,4145.814543790199,4183.24853515625,37523200,ASII.JK
2025-06-25,4239.399522205327,4239.399522205327,4136.456045948686,4183.24853515625,33217200,ASII.JK
2025-06-26,4155.173239992978,4164.53173828125,4127.097745128161,4164.53173828125,26909800,ASII.JK
2025-06-30,4183.248238932292,4230.040724826389,4164.531244574653,4211.32373046875,41865200,ASII.JK
2025-07-01,4201.96573143434,4220.682728010885,4155.173239992978,4164.53173828125,27410600,ASII.JK
2025-07-02,4164.531336040749,4258.116309884362,4155.172838656388,4248.7578125,34231600,ASII.JK
2025-07-03,4248.758002683944,4295.550491700287,4239.399504880676,4276.83349609375,24120100,ASII.JK
2025-07-04,4304.908980992966,4351.701469916802,4276.833487638663,4323.6259765625,25298100,ASII.JK
2025-07-07,4323.625870142228,4379.77685546875,4295.550377478967,4379.77685546875,20181800,ASII.JK
2025-07-08,4370.418556573564,4370.418556573564,4323.62606667449,4361.06005859375,21173700,ASII.JK
2025-07-09,4379.7769465042375,4417.2109375,4370.418448755297,4417.2109375,32577400,ASII.JK
2025-07-10,4417.210845686432,4426.5693432408525,4379.77685546875,4379.77685546875,21464100,ASII.JK
2025-07-11,4417.211037022294,4417.211037022294,4379.777045183121,4407.8525390625,19382400,ASII.JK
2025-07-14,4407.852638796542,4445.286631482712,4351.701649767288,4398.494140625,32985800,ASII.JK
2025-07-15,4398.494140625,4398.494140625,4332.984653424202,4398.494140625,25045900,ASII.JK
2025-07-16,4398.493647203947,4501.437115542763,4389.135150082237,4445.2861328125,53394000,ASII.JK
2025-07-17,4445.286225575744,4510.795706794755,4426.569230941741,4482.72021484375,37859000,ASII.JK
2025-07-18,4501.437115542763,4529.512606907894,4445.2861328125,4445.2861328125,23680400,ASII.JK
2025-07-21,4501.4370158219535,4501.4370158219535,4417.210543592437,4454.64453125,17018900,ASII.JK
2025-07-22,4454.645230876866,4454.645230876866,4379.777243803305,4389.1357421875,47232600,ASII.JK
2025-07-23,4435.928083570076,4632.45654296875,4417.211087436869,4632.45654296875,94669900,ASII.JK
2025-07-24,4669.890033261138,4749.437258276609,4660.531536200495,4726.041015625,72459700,ASII.JK
2025-07-25,4679.24853515625,4726.041020507812,4632.456049804688,4679.24853515625,28079000,ASII.JK
2025-07-28,4702.645249310662,4772.833984375,4669.890506280637,4772.833984375,59414600,ASII.JK
2025-07-29,4772.833984375,4796.230229396446,4702.645249310662,4772.833984375,36861000,ASII.JK
2025-07-30,4772.833974893811,4819.62646484375,4749.437729918841,4819.62646484375,53075600,ASII.JK
2025-07-31,4819.626474417892,4843.022719439338,4772.833984375,4772.833984375,44048400,ASII.JK
2025-08-01,4796.229748535156,4819.625991210938,4641.814546875,4679.24853515625,33392000,ASII.JK
2025-08-04,4679.2487756529845,4726.041263409515,4623.097790345149,4702.64501953125,21561700,ASII.JK
2025-08-05,4726.041263409515,4726.041263409515,4669.890278101679,4702.64501953125,20210600,ASII.JK
2025-08-06,4702.645288584184,4702.645288584184,4585.6640625,4585.6640625,24786300,ASII.JK
2025-08-07,4604.380949943296,4702.64517753355,4604.380949943296,4641.81494140625,25930000,ASII.JK
2025-08-08,4632.456352419969,4669.890343146595,4604.380859375,4604.380859375,20639400,ASII.JK
2025-08-11,4604.381058673469,4613.739556760203,4557.588568239796,4585.6640625,21955000,ASII.JK
2025-08-12,4585.663661306989,4702.6448771566575,4576.305164039016,4669.89013671875,22725500,ASII.JK
2025-08-13,4772.833729619565,4913.211192255435,4702.644998301631,4843.0224609375,103458500,ASII.JK
2025-08-14,4796.230229396446,4819.626474417892,4749.437739353553,4772.833984375,31796500,ASII.JK
2025-08-15,4772.833751166045,4796.229995044309,4702.64501953125,4702.64501953125,16434700,ASII.JK
2025-08-19,4936.607388733739,5217.362311315752,4866.418658088235,5170.56982421875,260942000,ASII.JK
2025-08-20,5170.56982421875,5193.966067767251,5100.381093573246,5170.56982421875,74517000,ASII.JK
2025-08-21,5170.569811197916,5287.551028645833,5147.173567708333,5264.15478515625,76746200,ASII.JK
2025-08-22,5287.550776966831,5404.531988846628,5240.758292214912,5334.34326171875,73126900,ASII.JK
2025-08-25,5381.13623046875,5404.532474949049,5310.947497027853,5381.13623046875,60737900,ASII.JK
2025-08-26,5357.739759114583,5357.739759114583,5123.7773242187495,5264.15478515625,79136200,ASII.JK
2025-08-27,5287.550794566761,5357.739521928267,5147.17333984375,5147.17333984375,33172600,ASII.JK
2025-08-28,5170.569817649944,5287.551035243834,5170.569817649944,5217.3623046875,18032900,ASII.JK
2025-08-29,5100.38085493608,5264.154552112927,5076.984612482244,5147.17333984375,62869000,ASII.JK
2025-09-01,4866.418900516055,5147.173837084289,4866.418900516055,5100.38134765625,67904000,ASII.JK
2025-09-02,5147.173587328767,5193.966074486301,5053.588613013699,5123.77734375,21623300,ASII.JK
2025-09-03,5170.569582297586,5287.550794566761,5100.38085493608,5147.17333984375,45471600,ASII.JK
2025-09-04,5147.17333984375,5147.17333984375,5053.588370028409,5147.17333984375,26987400,ASII.JK
2025-09-08,5240.759072580645,5240.759072580645,5006.796613983295,5076.9853515625,57081800,ASII.JK
2025-09-09,5053.588606476244,5240.758554864253,5006.796119379242,5170.56982421875,49240100,ASII.JK
2025-09-10,5170.569830907534,5170.569830907534,5053.588613013699,5123.77734375,22964700,ASII.JK
2025-09-11,5123.777574693834,5240.758797860361,5100.381330060529,5193.96630859375,28151500,ASII.JK
2025-09-12,5264.155262682407,5334.343999518172,5240.759017070484,5310.94775390625,30653500,ASII.JK
2025-09-15,5310.947272135417,5334.343515625,5240.758541666666,5264.15478515625,26368000,ASII.JK
2025-09-16,5287.55126953125,5310.947514086698,5240.758780420354,5287.55126953125,15987900,ASII.JK
2025-09-17,5287.550776966831,5334.34326171875,5240.758292214912,5334.34326171875,23879700,ASII.JK
2025-09-18,5334.34352228139,5357.739765800168,5193.966061168721,5217.3623046875,27261300,ASII.JK
2025-09-19,5217.362285497407,5381.135989526474,5217.362285497407,5357.73974609375,52162200,ASII.JK
2025-09-22,5357.739504094709,5357.739504094709,5264.154534590872,5334.34326171875,35106300,ASII.JK
2025-09-23,5310.947472523835,5568.306160619703,5287.551228151483,5521.513671875,41044200,ASII.JK
2025-09-24,5568.306160619703,5568.306160619703,5474.721183130297,5521.513671875,61167600,ASII.JK
2025-09-25,5521.513443587663,5521.513443587663,5381.135983157468,5404.5322265625,35805100,ASII.JK
2025-09-26,5498.11767578125,5615.098902925532,5404.532694065824,5498.11767578125,42677800,ASII.JK
2025-09-29,5498.11720018263,5521.513443587663,5381.135983157468,5404.5322265625,20892700,ASII.JK
2025-09-30,5381.135983157468,5451.324713372565,5334.343496347403,5404.5322265625,41266900,ASII.JK
2025-10-01,5451.325227577781,5474.721473189703,5287.551508294328,5310.94775390625,26508200,ASII.JK
2025-10-02,5381.135746470669,5381.135746470669,5264.154534590872,5334.34326171875,29346300,ASII.JK
2025-10-03,5381.1359768978,5474.720950409066,5381.1359768978,5451.32470703125,27951100,ASII.JK
2025-10-06,5521.513437164699,5544.909680542516,5427.928463653433,5451.32470703125,21809400,ASII.JK
2025-10-07,5544.909941830842,5661.891164232337,5357.739985988452,5381.13623046875,43328700,ASII.JK
2025-10-08,5451.324719824645,5498.117206690093,5287.551015795579,5357.73974609375,30080700,ASII.JK
2025-10-09,5404.532683939873,5544.91015625,5381.136438554852,5544.91015625,27699300,ASII.JK
2025-10-10,5544.909916247352,5568.306160619703,5474.721183130297,5521.513671875,27133800,ASII.JK
2025-10-13,5474.721199824892,5544.909933155981,5404.532466493804,5427.9287109375,29034500,ASII.JK
2025-10-14,5521.218247049356,5735.40343766765,5521.218247049356,5545.0166015625,53096200,ASII.JK
2025-10-15,5664.00840435606,5664.00840435606,5473.621567234848,5497.419921875,96604500,ASII.JK
2025-10-16,5568.815000849185,5568.815000849185,5473.62158203125,5473.62158203125,15044500,ASII.JK
2025-10-17,5449.8233029513885,5521.218368055555,5307.033172743056,5354.6298828125,31793700,ASII.JK
2025-10-20,5354.629709750791,5640.2099609375,5354.629709750791,5640.2099609375,29959700,ASII.JK
2025-10-21,5711.60498046875,5759.201688639323,5616.411564127604,5711.60498046875,46181700,ASII.JK
2025-10-22,5759.201590966599,5997.185127783401,5711.604883603239,5878.193359375,98615300,ASII.JK
2025-10-23,5782.999864902421,6092.378458498024,5782.999864902421,6020.9833984375,60009000,ASII.JK
2025-10-24,6068.580447584957,6354.160703941897,6044.782092888546,6258.96728515625,93344500,ASII.JK
2025-10-27,6282.765625,6401.757398200757,6068.580433238636,6282.765625,64262300,ASII.JK
2025-10-28,6282.765285326087,6282.765285326087,5973.386691730484,6020.9833984375,37953500,ASII.JK
2025-10-29,5949.588260135135,6187.571790540541,5925.789907094594,6163.7734375,39818900,ASII.JK
2025-10-30,6116.176839516932,6139.975192978088,5949.588365288844,5973.38671875,28976800,ASII.JK
2025-10-31,5949.588434482977,5997.185141958841,5830.596665793318,5854.39501953125,64790000,ASII.JK
2025-11-03,5854.394911878691,6139.975151482529,5854.394911878691,6044.78173828125,59085000,ASII.JK
2025-11-04,5997.18505859375,6068.5801188151045,5949.588351779514,5997.18505859375,62249200,ASII.JK
2025-11-05,5949.58837890625,6020.983439453125,5878.193318359376,5949.58837890625,43439100,ASII.JK
2025-11-06,5997.185045083992,6044.781751791008,5901.991631669961,6020.9833984375,48979900,ASII.JK
2025-11-07,6020.983345239543,6139.975110955739,5997.184992096304,6116.1767578125,42960800,ASII.JK
2025-11-10,6187.5718172422185,6187.5718172422185,6092.378404669261,6116.1767578125,45533400,ASII.JK
2025-11-11,6235.168960278975,6282.765669899425,6139.975541038075,6211.37060546875,43529600,ASII.JK
2025-11-12,6235.168510023013,6258.966863114704,6092.378391472868,6139.97509765625,37083400,ASII.JK
2025-11-13,6116.176784620098,6116.176784620098,6044.781724877451,6068.580078125,21200000,ASII.JK
2025-11-14,6068.58006477356,6139.975124359131,6020.983358383179,6092.37841796875,23431700,ASII.JK
2025-11-17,6092.378391472868,6187.571803839632,6068.5800383811775,6139.97509765625,40681500,ASII.JK
2025-11-18,6163.773464098979,6235.168523528697,6092.378404669261,6116.1767578125,27510900,ASII.JK
2025-11-19,6116.17677116394,6163.773477554321,5973.386651992798,6092.37841796875,45476700,ASII.JK
2025-11-20,6139.975110955739,6187.5718172422185,6068.580051526022,6116.1767578125,30547700,ASII.JK
2025-11-21,6092.378404669261,6116.1767578125,6020.983345239543,6116.1767578125,43653200,ASII.JK
2025-11-24,6187.571790540541,6211.370143581081,6116.176731418919,6163.7734375,71721700,ASII.JK
2025-11-25,6116.176744564559,6163.773450747941,6068.5800383811775,6139.97509765625,20954400,ASII.JK
2025-11-26,6187.572206439394,6282.765625,6116.177142518939,6282.765625,29331000,ASII.JK
2025-11-27,6282.7656398526615,6282.7656398526615,6139.975511674192,6258.96728515625,23737100,ASII.JK
2025-11-28,6282.765654818702,6282.765654818702,6187.572235806298,6235.1689453125,38378700,ASII.JK
2025-12-01,6068.580078125,6187.571844362746,6020.983371629902,6068.580078125,38669000,ASII.JK
2025-12-02,6258.9672556751175,6306.56396484375,6187.57219192217,6306.56396484375,53567600,ASII.JK
2025-12-03,6282.765625,6330.362334280303,6235.168915719697,6282.765625,24386200,ASII.JK
2025-12-04,6258.967198027997,6401.75732421875,6235.168843662872,6401.75732421875,38510600,ASII.JK
2025-12-05,6401.757338794309,6568.345819729478,6377.958984375,6377.958984375,67707300,ASII.JK
2025-12-08,6496.950741679252,6496.950741679252,6306.563906758248,6401.75732421875,38776000,ASII.JK
2025-12-09,6449.35410748106,6449.35410748106,6139.975497159091,6282.765625,38482800,ASII.JK
2025-12-10,6377.959028596698,6401.757383181014,6235.168901090801,6306.56396484375,34524000,ASII.JK
2025-12-11,6330.361922389777,6354.160275481468,6044.781685289487,6139.97509765625,42116700,ASII.JK
2025-12-12,6235.168915719697,6282.765625,6116.177142518939,6282.765625,28841900,ASII.JK
2025-12-15,6401.757398200757,6401.757398200757,6211.370561079545,6282.765625,38096700,ASII.JK
2025-12-16,6258.967270359848,6282.765625,6187.572206439394,6282.765625,34723600,ASII.JK
2025-12-17,6235.168915719697,6282.765625,6187.572206439394,6282.765625,32681400,ASII.JK
2025-12-18,6282.765685096154,6282.765685096154,6163.773910757212,6187.572265625,20454400,ASII.JK
2025-12-19,6258.9673150892,6258.9673150892,6116.177186227849,6211.37060546875,61201100,ASII.JK
2025-12-22,6139.975511674192,6282.7656398526615,6139.975511674192,6258.96728515625,30755900,ASII.JK
2025-12-23,6187.572265625,6258.967330228365,6139.975555889423,6187.572265625,13756700,ASII.JK
2025-12-24,6139.975482753537,6354.160674012382,6139.975482753537,6306.56396484375,20273000,ASII.JK
2025-12-29,6306.56393558345,6401.75735347905,6282.765581109551,6354.16064453125,20982300,ASII.JK
2025-12-30,6354.16062995569,6401.757338794309,6282.765566697761,6377.958984375,23486000,ASII.JK
2026-01-02,6282.765510110294,6473.15234375,6282.765510110294,6473.15234375,19569100,ASII.JK
2026-01-05,6449.353947088069,6544.54736328125,6354.160530894887,6544.54736328125,30633400,ASII.JK
2026-01-06,6544.54734912817,6568.345703125,6377.958871150362,6568.345703125,33964700,ASII.JK
2026-01-07,6473.15221863879,6734.934109833741,6473.15221863879,6687.33740234375,55249800,ASII.JK
2026-01-08,6687.337416294643,6758.732477678572,6639.740708705357,6663.5390625,30845500,ASII.JK
2026-01-09,6663.539133522728,6758.732549715909,6496.95065518466,6544.54736328125,29171000,ASII.JK
2026-01-12,6592.144001116071,6663.5390625,6568.345647321428,6663.5390625,24915100,ASII.JK
2026-01-13,6734.933961633134,6949.119140625,6687.337255190497,6949.119140625,65659900,ASII.JK
2026-01-14,6853.925822368421,6877.724175918311,6687.337347519188,6782.53076171875,40658400,ASII.JK
2026-01-15,6853.925864361702,6853.925864361702,6663.539034796099,6711.1357421875,26410300,ASII.JK
2026-01-19,6853.926150760135,7115.708052351668,6830.127796069996,7044.31298828125,51590900,ASII.JK
2026-01-20,6996.715860583118,7020.514213850408,6877.724094246671,6925.32080078125,21167100,ASII.JK
2026-01-21,5997.185369318182,6473.152462121212,5997.185369318182,6282.765625,269454100,ASII.JK
2026-01-22,6377.95894113238,6520.74906668012,6306.56387835851,6449.35400390625,70220500,ASII.JK
2026-01-23,6473.152329441392,6568.345746050824,6330.362204527244,6496.95068359375,52227800,ASII.JK
2026-01-26,6520.749009232955,6544.54736328125,6377.958884943182,6544.54736328125,55468700,ASII.JK
2026-01-27,6449.353773328993,6473.152126736111,5925.789998372396,5997.18505859375,145465800,ASII.JK
2026-01-28,5901.99171305668,6163.773603555162,5497.419700468117,5878.193359375,200262500,ASII.JK
2026-01-29,5901.991554054054,6163.7734375,5449.822846283783,6163.7734375,136295200,ASII.JK
2026-01-30,6211.37021138349,6235.16856468381,5997.18503168061,6044.78173828125,101087200,ASII.JK
2026-02-02,6044.7817791334655,6092.378486055777,5878.193304905379,5973.38671875,71571500,ASII.JK
2026-02-03,6068.580322265625,6473.15234375,6020.983613855698,6473.15234375,63526500,ASII.JK
2026-02-04,6473.152416900749,6496.950771374649,6306.56393558345,6354.16064453125,58211100,ASII.JK
2026-02-05,6401.757197757419,6663.539090602518,6401.757197757419,6615.9423828125,72792600,ASII.JK
2026-02-06,6473.152402052238,6473.152402052238,6258.967212278451,6377.958984375,49547300,ASII.JK
2026-02-09,6425.555722803101,6425.555722803101,6211.370532042998,6330.3623046875,34797900,ASII.JK
2026-02-10,6377.958898836679,6520.7490234375,6330.362190636405,6520.7490234375,45371100,ASII.JK
2026-02-11,6473.152372685186,6496.950726996528,6377.958955439814,6425.5556640625,41050100,ASII.JK
2026-02-12,6449.35400390625,6568.345775196033,6425.555649648293,6449.35400390625,26536900,ASII.JK
2026-02-13,6449.354077332002,6449.354077332002,6258.967241100799,6330.3623046875,31212900,ASII.JK
2026-02-18,6425.555693213619,6425.555693213619,6330.36227553638,6377.958984375,25858200,ASII.JK
2026-02-19,6377.959043560606,6449.35410748106,6235.168915719697,6282.765625,46704000,ASII.JK
2026-02-20,6282.765654818702,6330.362364324905,6235.1689453125,6235.1689453125,28160900,ASII.JK
2026-02-23,6306.56396484375,6330.362319428065,6235.168901090801,6306.56396484375,38075400,ASII.JK
2026-02-24,6330.362364324905,6401.757428584208,6235.1689453125,6235.1689453125,51297100,ASII.JK
2026-02-25,6282.765595629699,6354.1606592164,6258.967241100799,6330.3623046875,45214100,ASII.JK
2026-02-26,6377.958969853625,6401.75732421875,6258.967198027997,6401.75732421875,30901600,ASII.JK
2026-02-27,6401.75735347905,6425.55570795295,6258.967226635651,6354.16064453125,68396400,ASII.JK
2026-03-02,6282.765299479167,6306.563652886285,5973.386705186632,5997.18505859375,60477400,ASII.JK
2026-03-03,6092.378486055777,6116.176839516932,5949.588365288844,5973.38671875,31573300,ASII.JK
2026-03-04,5973.38678822091,6020.983495696773,5711.604897103658,5854.39501953125,49747800,ASII.JK
2026-03-05,5997.185045083992,6044.781751791008,5901.991631669961,6020.9833984375,38471400,ASII.JK
2026-03-06,5997.18515625,5997.18515625,5759.201618303571,5830.5966796875,38071100,ASII.JK
2026-03-09,5616.411650307158,5616.411650307158,5521.218232505342,5568.81494140625,46625500,ASII.JK
2026-03-10,5616.411564127604,5854.395104980468,5616.411564127604,5711.60498046875,33964900,ASII.JK
2026-03-11,5711.605009191177,5759.201717601103,5592.61323816636,5664.00830078125,18403300,ASII.JK
2026-03-12,5687.806654986213,5759.201717601103,5616.411592371323,5664.00830078125,20628100,ASII.JK
2026-03-13,5616.411665101931,5664.008374128219,5497.4198925362125,5545.0166015625,27856000,ASII.JK
2026-03-16,5592.613295856704,5616.411650307158,5402.226460253071,5568.81494140625,37696400,ASII.JK
2026-03-17,5640.21003460062,5640.21003460062,5473.621552566003,5521.21826171875,89895700,ASII.JK
2026-03-25,5997.185369318182,6282.765625,5806.79853219697,6282.765625,134276600,ASII.JK
2026-03-26,6258.966974609375,6258.966974609375,5925.7900253906255,5949.58837890625,45012000,ASII.JK
2026-03-27,5901.991741071429,5925.790094866072,5759.201618303571,5830.5966796875,32993200,ASII.JK
2026-03-30,5806.798205278052,6092.37844488189,5711.604792076771,6044.78173828125,48246100,ASII.JK
2026-03-31,6044.78179296875,6044.78179296875,5878.193318359376,5949.58837890625,31516100,ASII.JK
2026-04-01,5973.386732421875,6044.78179296875,5830.596611328126,5949.58837890625,37708800,ASII.JK
2026-04-02,5854.3950617283945,5997.185185185185,5735.403292181069,5783.0,37842500,ASII.JK
2026-04-06,5782.999985991932,5830.596693695569,5735.403278288294,5806.79833984375,15705000,ASII.JK
2026-04-07,5783.000101380429,5783.000101380429,5592.613266767082,5616.41162109375,22912400,ASII.JK
2026-04-08,5759.201577463457,5949.588406470514,5735.403223837576,5901.99169921875,28419500,ASII.JK
2026-04-09,5854.39500569332,5878.193359375,5759.201590966599,5878.193359375,25785600,ASII.JK
2026-04-10,5925.789998372396,6044.781765407986,5901.991644965278,5997.18505859375,37451300,ASII.JK
2026-04-13,5973.386774101721,5973.386774101721,5854.39500569332,5878.193359375,35616700,ASII.JK
2026-04-14,5949.588434482977,5973.38678822091,5806.798312055386,5854.39501953125,35499900,ASII.JK
2026-04-15,5949.588351779514,6092.378472222223,5925.789998372396,5997.18505859375,54204700,ASII.JK
2026-04-16,6044.781820974043,6068.580174599924,5878.193345592868,5901.99169921875,28237100,ASII.JK
2026-04-17,5973.386665134804,6163.7734911151965,5949.588311887255,6068.580078125,25291100,ASII.JK
2026-04-20,6068.58009158157,6139.975151482529,5973.3866783802905,6044.78173828125,18307400,ASII.JK
2026-04-21,6139.97516520504,6139.97516520504,5997.185045083992,6020.9833984375,25696400,ASII.JK
2026-04-22,6116.177142518939,6306.563979640151,6068.580433238636,6282.765625,42250100,ASII.JK
2026-04-23,6282.765285326087,6306.563638679595,6020.9833984375,6020.9833984375,31725300,ASII.JK
2026-04-24,6092.378458498024,6163.773518558548,5973.386691730484,6020.9833984375,27751700,ASII.JK
2026-04-27,6068.580217633928,6068.580217633928,5830.5966796875,5830.5966796875,19496400,ASII.JK
2026-04-28,5854.395090443465,5901.991798495851,5735.4033203125,5735.4033203125,36965000,ASII.JK
2026-04-29,5830.596722059014,5949.588491896952,5735.403306188662,5759.20166015625,26325800,ASII.JK
2026-04-30,5783.000057204497,5783.000057204497,5687.806640625,5687.806640625,47690300,ASII.JK
2026-05-04,5759.201646090535,5830.59670781893,5735.403292181069,5783.0,33999000,ASII.JK
2026-05-05,5825.0,5950.0,5725.0,5875.0,38038400,ASII.JK
2026-05-06,5950.0,5975.0,5750.0,5750.0,27273500,ASII.JK
2026-05-07,5800.0,5900.0,5775.0,5850.0,37017100,ASII.JK
2026-05-08,5875.0,6000.0,5800.0,5825.0,36425000,ASII.JK
2026-05-11,5925.0,6050.0,5825.0,6050.0,26376000,ASII.JK
2026-05-12,6050.0,6100.0,5850.0,5850.0,25658100,ASII.JK
2026-05-13,5850.0,5900.0,5750.0,5750.0,32026500,ASII.JK
2026-05-14,5750.0,5750.0,5750.0,5750.0,0,ASII.JK
2026-05-15,5750.0,5750.0,5750.0,5750.0,0,ASII.JK
2026-05-18,5825.0,6000.0,5775.0,6000.0,54305300,ASII.JK
2026-05-19,6000.0,6050.0,5925.0,5950.0,34901400,ASII.JK
2026-05-20,5950.0,6100.0,5900.0,5975.0,37175000,ASII.JK
2026-05-21,6000.0,6025.0,5600.0,5600.0,57790800,ASII.JK
2026-05-22,5625.0,5650.0,5300.0,5400.0,65064200,ASII.JK
2026-05-25,5425.0,5625.0,5325.0,5600.0,92115700,ASII.JK
2026-05-26,5575.0,5600.0,5125.0,5125.0,82648100,ASII.JK
2026-05-27,5125.0,5125.0,5125.0,5125.0,0,ASII.JK
2026-05-28,5125.0,5125.0,5125.0,5125.0,0,ASII.JK
2026-05-29,4800.0,5200.0,4800.0,5000.0,481573900,ASII.JK
2026-06-02,5000.0,5050.0,4840.0,4900.0,156532600,ASII.JK
2026-06-03,4900.0,4920.0,4670.0,4840.0,101108500,ASII.JK
2026-06-04,4810.0,4840.0,4570.0,4630.0,160423900,ASII.JK
2026-06-05,4600.0,4620.0,4530.0,4570.0,64364700,ASII.JK
2026-06-08,4550.0,4550.0,4350.0,4360.0,85460100,ASII.JK
2026-06-09,4360.0,4680.0,4360.0,4670.0,84193600,ASII.JK
2026-06-10,4650.0,4750.0,4530.0,4700.0,91880000,ASII.JK
2026-06-11,4700.0,4950.0,4680.0,4700.0,85205900,ASII.JK
2026-06-12,4760.0,4810.0,4720.0,4740.0,66162000,ASII.JK
2026-06-15,4900.0,4980.0,4880.0,4890.0,89864300,ASII.JK
2026-06-17,4880.0,4910.0,4790.0,4800.0,72821600,ASII.JK
2026-06-18,4800.0,4830.0,4710.0,4770.0,60565200,ASII.JK
2026-06-19,4770.0,4830.0,4750.0,4810.0,229098200,ASII.JK
2026-06-22,4880.0,4880.0,4710.0,4730.0,46627400,ASII.JK
2026-06-23,4730.0,4780.0,4650.0,4680.0,57376700,ASII.JK
2026-06-24,4830.0,4830.0,4630.0,4640.0,53683100,ASII.JK
2026-06-25,4640.0,4950.0,4640.0,4920.0,88497000,ASII.JK
2026-06-26,4920.0,4930.0,4710.0,4760.0,64841400,ASII.JK
2026-06-29,4770.0,4770.0,4680.0,4710.0,25237300,ASII.JK
2026-06-30,4710.0,4720.0,4470.0,4520.0,81706000,ASII.JK
2026-07-01,4530.0,4650.0,4500.0,4600.0,30899300,ASII.JK
2026-07-02,4620.0,4680.0,4580.0,4580.0,52263400,ASII.JK
2026-07-03,4600.0,4830.0,4600.0,4810.0,24908400,ASII.JK
2026-07-06,4810.0,4810.0,4690.0,4780.0,31139400,ASII.JK
2026-07-07,4790.0,4980.0,4780.0,4930.0,44556600,ASII.JK
2026-07-08,4930.0,4980.0,4870.0,4890.0,44811600,ASII.JK
2026-07-09,4900.0,4900.0,4760.0,4880.0,43391100,ASII.JK
2026-07-10,4850.0,4870.0,4770.0,4810.0,24557100,ASII.JK
2026-07-13,4810.0,4860.0,4730.0,4850.0,43780800,ASII.JK
2026-07-14,4850.0,4910.0,4810.0,4880.0,50811200,ASII.JK
2026-07-15,4880.0,4930.0,4850.0,4850.0,37729500,ASII.JK
2026-07-16,4850.0,5150.0,4840.0,5100.0,72624500,ASII.JK
2026-07-17,5125.0,5200.0,5025.0,5100.0,65960600,ASII.JK
2026-07-20,5125.0,5250.0,5050.0,5050.0,67793400,ASII.JK
2026-07-21,5100.0,5150.0,5050.0,5100.0,40894600,ASII.JK
2026-07-22,5150.0,5300.0,5100.0,5150.0,93334100,ASII.JK
2026-07-23,5150.0,5175.0,5000.0,5000.0,66257200,ASII.JK
2026-07-24,4980.0,4980.0,4900.0,4980.0,73314000,ASII.JK
2026-07-27,4950.0,4950.0,4900.0,4910.0,21049300,ASII.JK
2026-07-28,4920.0,5025.0,4920.0,4970.0,34388400,ASII.JK
2026-07-29,5000.0,5025.0,4950.0,4960.0,23808100,ASII.JK
2026-07-30,4920.0,4950.0,4870.0,4950.0,33910100,ASII.JK
2026-07-31,5000.0,5175.0,5000.0,5100.0,46139800,ASII.JK
2026-08-03,5275.0,5275.0,5000.0,5050.0,30943600,ASII.JK
2026-08-04,5050.0,5125.0,5000.0,5125.0,39489500,ASII.JK
2026-08-05,5150.0,5175.0,5000.0,5025.0,49014700,ASII.JK
2026-08-06,5050.0,5125.0,5025.0,5100.0,53209500,ASII.JK
2026-08-07,5050.0,5175.0,5025.0,5100.0,34507300,ASII.JK
2026-08-10,5100.0,5100.0,4960.0,5000.0,70515600,ASII.JK
2026-08-11,5000.0,5025.0,4860.0,4870.0,49228200,ASII.JK
2026-08-12,4870.0,4920.0,4810.0,4860.0,62946100,ASII.JK
2026-08-13,4880.0,4890.0,4780.0,4800.0,48407300,ASII.JK
2026-08-14,4800.0,4820.0,4760.0,4780.0,31883200,ASII.JK
2026-08-18,4800.0,4820.0,4760.0,4790.0,59420100,ASII.JK
2026-08-19,4790.0,4800.0,4720.0,4730.0,44815500,ASII.JK
2026-08-20,4750.0,4790.0,4730.0,4790.0,40700200,ASII.JK
2026-08-21,4840.0,4850.0,4780.0,4780.0,48756800,ASII.JK
2026-08-24,,,,,35455200,ASII.JK
